,name,ingredients,url,image,cookTime,recipeYield,datePublished,prepTime,description,difficulty
0,Easy Green Chile Enchiladas,1 WHOLE ONION  DICED 2 TABLESPOONS BUTTER 1 CAN (15 OUNCE) GREEN ENCHILADA SAUCE 2 CANS (4 OUNCE) CHOPPED GREEN CHILIES 12 WHOLE CORN TORTILLAS 2 CUPS FRESHLY GRATED CHEDDAR (OR CHEDDAR-JACK) CHEESE (OR ANY CHEESE YOU'D LIKE)  SOUR CREAM  SALSA  PICO DE GALLO (OPTIONAL)  GUACAMOLE (OPTIONAL)  CILANTRO LEAVES  OPTIONAL,http://thepioneerwoman.com/cooking/2012/05/easy-green-chile-enchiladas/,http://static.thepioneerwoman.com/cooking/files/2012/05/enchilada.jpg,PT10M,4,2012-05-31,PT5M,"When I was in Albuquerque with Marlboro Man and the boys a month ago, I had a really fun book signing. Such incredibly nice a...",Easy
1,Bacon-Wrapped Scallops with Chili Butter,2 POUNDS LARGE SCALLOPS 1/2 POUND BACON  CUT INTO THIRDS OR HALVES 1 STICK BUTTER 2 TEASPOONS CHILI POWDER  DASH OF CAYENNE,http://thepioneerwoman.com/cooking/2012/01/bacon-wrapped-scallops-with-chili-butter/,http://static.thepioneerwoman.com/cooking/files/2012/01/scallops.jpg,PT20M,8,2012-01-19,PT15M,"I made these beautiful, tasty little suckers before Christmas and am only just now recovering from the bliss so I can tell yo...",Medium
2,Spicy Stewed Beef with Creamy Cheddar Grits,2 TABLESPOONS CANOLA OIL 2 TABLESPOONS BUTTER 3 POUNDS STEW MEAT OR DICED CHUCK ROAST 1 CAN (11 OUNCES) CHIPOTLE PEPPERS IN ADOBO SAUCE 4 CUPS LOW-SODIUM BEEF BROTH  MORE IF NEEDED 5 CLOVES MINCED GARLIC 1 TABLESPOON CUMIN 2 TEASPOONS CHILI POWDER 1 WHOLE ONION  DICED 1 WHOLE RED BELL PEPPER 3 WHOLE CHILIES (ANY VARIETY  HOT OR MILD) 4 CUPS STONE GROUND GRITS 6 CUPS LOW SODIUM CHICKEN (OR BEEF) BROTH 3 CUPS WATER 2 CUPS HALF-AND-HALF 2 CUPS GRATED CHEDDAR CHEESE,http://thepioneerwoman.com/cooking/2012/01/spicy-stewed-beef-with-creamy-cheddar-grits/,http://static.thepioneerwoman.com/cooking/files/2012/01/stewedbeef.jpg,PT3H,12,2012-01-30,PT20M,"My oh my, was this good. Ultra spicy, seriously tender stewed meat served over unbelievably creamy cheese grits. The spicines...",Hard
3,Vegetarian Lettuce Wraps,2 TEASPOONS PEANUT OR OLIVE OIL 1 PACKAGE (ABOUT 12-14 OZ. SIZE) FIRM TOFU 2 EARS CORN (OR 1 1/2 CUPS FROZEN CORN KERNELS) 1/4 TEASPOON CHILI POWDER (MORE TO TASTE) 1/4 CUP SOY SAUCE  ROMAINE LETTUCE HEARTS 2 WHOLE AVOCADOS  SLICED 1 TEASPOON BALSAMIC VINEGAR (OPTIONAL),http://thepioneerwoman.com/cooking/2012/02/vegetarian-lettuce-wraps/,http://static.thepioneerwoman.com/cooking/files/2012/02/wraps.jpg,PT15M,6,2012-02-22,PT5M,"Today is Ash Wednesday, the beginning of Lent, and I'd like to share this exceedingly meatless treat with you that I've been ...",Easy
4,Grillin’ Recipe Contest Winners!,4 WHOLE RIBEYE  HANGER  FLAT IRON  OR STRIP STEAKS 1/2 TEASPOON GROUND NUTMEG 1/2 TEASPOON GROUND CUMIN 1 TEASPOON GROUND CINNAMON 1 TEASPOON GROUND GINGER 2 TABLESPOONS CHILI POWDER 1/2 TEASPOON GROUND TURMERIC 2 TABLESPOONS GARLIC SALT 1 CUP OLIVE OIL 2 CANS BUSH'S GRILLIN BEANS STEAKHOUSE RECIPE,http://thepioneerwoman.com/cooking/2012/05/grillin-recipe-contest-winners/,http://static.thepioneerwoman.com/cooking/files/2012/05/bushs41.jpg,PT5M,4,2012-05-17,PT10M,"Before I share my fourth and final grilling recipe, I’m busting at the seams to announce the winners of the Bush’s Grilli...",Easy
5,Spicy Beans,4 CUPS DRY PINTO BEANS 1 WHOLE HAM HOCK 1 WHOLE ONION  DICED 2 WHOLE RED BELL PEPPERS  DICED 4 CLOVES GARLIC  MINCED 2 WHOLE JALAPENOS  SLICED 2 TEASPOONS SALT  MORE TO TASTE 2 TEASPOONS CHILI POWDER (OPTIONAL) 2 TEASPOONS BLACK PEPPER  MORE TO TASTE,http://thepioneerwoman.com/cooking/2011/08/spicy-beans/,http://static.thepioneerwoman.com/cooking/files/2011/08/6005198000_e154cac62e_o.jpg,PT4H,12,2011-08-04,PT5M,"My name is Pioneer Woman and I love beans.     Hi, Pioneer Woman.     Sorry. It's true, though. A big pot of brown beans simm...",Hard
6,Frito Chili Pie,2 POUNDS GROUND CHUCK 3 CLOVES GARLIC  MINCED (OPTIONAL) 1 CAN (12 TO 14 OUNCE) TOMATO SAUCE 1 CAN (10 OUNCE) RO-TEL (DICED TOMATOES AND CHILIES) 1/2 TEASPOON SALT 1 TEASPOON GROUND OREGANO 1 TABLESPOON GROUND CUMIN 2 TABLESPOONS CHILI POWDER (MORE TO TASTE) 1 CAN (14-OUNCE) KIDNEY BEANS  DRAINED AND RINSED 1 CAN (14-OUNCE) PINTO BEANS  DRAINED AND RINSED 1/4 CUP MASA (CORN FLOUR) OR REGULAR CORN MEAL 1/2 CUP WARM WATER  INDIVIDUAL BAGS OF FRITOS  GRATED SHARP CHEDDAR CHEESE  DICED RED ONION (OPTIONAL),http://thepioneerwoman.com/cooking/2011/09/frito-chili-pie/,http://static.thepioneerwoman.com/cooking/files/2011/09/TPW_1850.jpg,PT1H,8,2011-09-26,PT5M,"We're submerged in football right now. There's no other way to put it. Marlboro Man is coaching my two boys' football team, M...",Hard
7,Caveman Pops (aka Roasted Turkey Legs),10 WHOLE TURKEY LEGS  BRINE: 4 QUARTS WATER 1 CUP KOSHER SALT 1 CUP SUGAR 1 CUP BROWN SUGAR 2 TABLESPOONS SEASONING BLEND (I USED MONTREAL) 1 WHOLE BAY LEAF  DRY RUB 2 TABLESPOONS CHILI POWDER (LESS IF YOU DON'T LIKE THINGS TOO SPICY!) 2 TEASPOONS SEASONING BLEND (I USED MONTREAL) 2 TEASPOONS PAPRIKA 2 TEASPOONS ONION SALT,http://thepioneerwoman.com/cooking/2011/10/caveman-pops-aka-roasted-turkey-legs/,http://static.thepioneerwoman.com/cooking/files/2011/10/caveman.jpg,PT30M,10,2011-10-17,PT6H,"While a few state fairs are happening right now, the one in my state (as is the case with many others) has drawn to a close. ...",Hard
8,Beef with Peppers,1-1/2 POUND FLANK STEAK  SLICED VERY THIN AGAINST THE GRAIN 1/2 CUP LOW SODIUM SOY SAUCE 3 TABLESPOONS SHERRY 2 TABLESPOONS PACKED BROWN SUGAR 2 TABLESPOONS CORNSTARCH 1 TABLESPOON MINCED FRESH GINGER 2 CLOVES GARLIC  MINCED 1 TEASPOON RED CHILE PASTE (OR A FEW DASHES RED CHILE OIL) 2 TABLESPOONS CANOLA OIL 1 WHOLE MEDIUM YELLOW ONION  SLICED 2 WHOLE RED BELL PEPPERS  CORED AND SLICED INTO RINGS 1 TABLESPOON DICED FRESH JALAPENO (OR 1 TEASPOON DICE HOT PEPPER)  RED PEPPER FLAKES  FOR SPRINKLING  CILANTRO LEAVES,http://thepioneerwoman.com/cooking/2011/03/beef-with-peppers/,http://static.thepioneerwoman.com/cooking/files/2011/03/5572969276_8f4385a0e2_o.jpg,PT15M,8,2011-03-30,PT15M,"I could eat beef stir fry every day of the week. I had a major hankering for it last night, and decided to throw together a v...",Medium
9,Beef Noodle Salad Bowls,1 WHOLE SIRLOIN STEAK  3/4 TO 1 POUND  KOSHER SALT TO TASTE 3/4 CUPS PONZO OR REGULAR SOY SAUCE 3 TABLESPOONS PURE SESAME OIL 2 TABLESPOONS OLIVE OIL 2 TABLESPOONS RICE WINE VINEGAR 1 TEASPOON HOT CHILI OIL (LESS IF YOU CAN'T HANDLE HEAT!) 2 CLOVES GARLIC  PEELED AND MINCED FINELY 2 TEASPOONS MINCED FRESH GINGER 2 TABLESPOONS PACKED BROWN SUGAR 1/2 CUP SLICED GREEN ONION 8 OUNCES  WEIGHT THIN NOODLES (I USED THIN SPAGHETTI)  CILANTRO LEAVES,http://thepioneerwoman.com/cooking/2011/05/beef-noodle-salad-bowls/,http://static.thepioneerwoman.com/cooking/files/2011/05/5712043212_092a8fe85d_o.jpg,PT10M,4,2011-05-12,PT10M,At the salad supper I attended a couple of weeks ago--the one that gave birth to this chicken salad I made recently--four sal...,Easy
10,Beef and Bean Burritos,2 POUNDS GROUND BEEF 1/2 WHOLE MEDIUM ONION 1 CAN (7 OUNCE) MEXICAN TOMATO SAUCE OR ENCHILADA SAUCE  SALT AND PEPPER  TO TASTE  CUMIN  OREGANO  CHILI POWDER  GARLIC TO TASTE 1 CAN (28 OUNCE) REFRIED BEANS 3/4 CUPS GRATED CHEDDAR CHEESE 12 WHOLE BURRITO-SIZED FLOUR TORTILLAS  EXTRA GRATED CHEESE  FOR SPRINKLING  EXTRA SAUCE  FOR DRIZZLING  CILANTRO LEAVES  OPTIONAL  OPTIONAL FILLING INGREDIENTS: MEXICAN RICE  SOUR CREAM  GUACAMOLE  GREEN CHILIES  PICO DE GALLO,http://thepioneerwoman.com/cooking/2010/07/brown-hot-and-plenty-of-it-vol-i/,http://static.thepioneerwoman.com/cooking/files/2010/07/4784959605_c5713e9e4b_b.jpg,PT11M,6,2010-07-12,PT5M,"First, an important clarification: The Pioneer Woman Cooks is not meant to be an encyclopedia of innovative gourmet recipes. ...",Easy
11,Chicken Tortilla Soup,2 WHOLE BONELESS  SKINLESS CHICKEN BREASTS 1 TABLESPOON OLIVE OIL 1-1/2 TEASPOON CUMIN 1 TEASPOON CHILI POWDER 1/2 TEASPOON GARLIC POWDER 1/2 TEASPOON SALT 1 TABLESPOON OLIVE OIL 1 CUP DICED ONION 1/4 CUP DICED GREEN BELL PEPPER 1/4 CUP RED BELL PEPPER 3 CLOVES GARLIC  MINCED 1 CAN (10 OZ. CAN) ROTEL TOMATOES AND GREEN CHILIES 32 OUNCES  FLUID LOW SODIUM CHICKEN STOCK 3 TABLESPOONS TOMATO PASTE 4 CUPS HOT WATER 2 CANS (15 OZ. CAN) BLACK BEANS  DRAINED 3 TABLESPOONS CORNMEAL OR MASA 5 WHOLE CORN TORTILLAS  CUT INTO UNIFORM STRIPS AROUND 2 TO 3 INCHES  _____  FOR THE GARNISHES:  SOUR CREAM  DICED AVOCADO  DICED RED ONION  SALSA OR PICO DE GALLO  GRATED MONTEREY JACK CHEESE  CILANTRO,http://thepioneerwoman.com/cooking/2011/01/chicken-tortilla-soup/,http://static.thepioneerwoman.com/cooking/files/2011/01/5337400468_d5892f3a03_o.jpg,PT1H30M,8,2011-01-10,PT10M,"I love, love, love, love Chicken Tortilla Soup. So over the weekend, I made some.     The end.     Wasn't that a beautiful st...",Hard
12,My Brother’s Chicken Tacos,16 WHOLE CORN TORTILLAS (SMALL SIZE) 4 WHOLE BONELESS  SKINLESS CHICKEN BREASTS  CUT INTO PIECES  SALT  CUMIN  CHILI POWDER TO TASTE (OR USE TACO SEASONING) 2 TABLESPOONS CANOLA OIL 2 CANS (4 OUNCE) DICED GREEN CHILIES 1-1/2 CUP FINELY GRATED CHEESE (CHEDDAR OR CHEDDAR/JACK MIX)  SOUR CREAM  HOT SAUCE (CHULULA OR OTHER BRAND) 2 CUPS THINLY SLICED ROMAINE LETTUCE (OR ANY LETTUCE) 4 WHOLE ROMA TOMATOES  DICED  CANOLA OIL  FOR FRYING TACOS,http://thepioneerwoman.com/cooking/2011/03/my-brothers-chicken-tacos/,http://static.thepioneerwoman.com/cooking/files/2011/03/tacos.jpg,PT30M,8,2011-03-31,PT10M,"Before I share this recipe with you, let me warn you: it's a royal mess. But as is the case with many messy dishes (cinnamon ...",Medium
13,Simple Sesame Noodles,12 OUNCES  FLUID THIN NOODLES  COOKED AND DRAINED 1/4 CUP SOY SAUCE 2 TABLESPOONS SUGAR 4 CLOVES GARLIC  MINCED 2 TABLESPOONS RICE VINEGAR 3 TABLESPOONS PURE SESAME OIL 1/2 TEASPOON HOT CHILI OIL 4 TABLESPOONS CANOLA OIL 4 WHOLE GREEN ONIONS  SLICED THIN,http://thepioneerwoman.com/cooking/2010/08/simple-sesame-noodles/,http://static.thepioneerwoman.com/cooking/files/2010/08/3949394720_c854047191_o1.jpg,PT10M,8,2010-08-13,PT10M,  I'll be spending the weekend cooking some new recipes and making such a mess of my kitchen I'll want to cry and burn down t...,Easy
14,Corn Chowder with Chilies,2 SLICES BACON  CUT INTO 1/2-INCH PIECES (OR SMALLER) 2 TABLESPOONS BUTTER 1-1/2 WHOLE YELLOW ONION  DICED 5 EARS CORN  SHUCKED (ABOUT 4 CUPS) 2 WHOLE CHIPOTLE PEPPERS IN ADOBO SAUCE  FINELY DICED 1 WHOLE 4-OUNCE CAN DICED GREEN CHILIES 32 OUNCES  FLUID LOW SODIUM CHICKEN BROTH 1-1/2 CUP HEAVY WHIPPING CREAM 1/2 TEASPOON KOSHER SALT (MORE TO TASTE) 3 TABLESPOONS CORN MEAL OR MASA 1/4 CUP WATER,http://thepioneerwoman.com/cooking/2010/10/corn-chowder-with-chilies/,http://static.thepioneerwoman.com/cooking/files/2010/10/chowder.jpg,PT20M,8,2010-10-08,PT10M,"This is to die for.     It's just a regular corn chowder made with fresh corn shaved off the cob, which is yummy enough as it...",Medium
15,Creamy Cheese Grits with Chilies,4-1/2 CUPS WATER 1/2 TEASPOON SALT 1 CUP GRITS (QUICK OR REGULAR) 1/2 CAN (10 OUNCE CAN) ROTEL (TOMATOES AND CHILIES) 1 CAN (4 OUNCE CAN) CHOPPED GREEN CHILIES 8 OUNCES  WEIGHT MONTEREY JACK CHEESE  GRATED 4 OUNCES  WEIGHT CREAM CHEESE  CUT INTO CUBES 1/4 TEASPOON CAYENNE PEPPER 1/4 TEASPOON PAPRIKA  BLACK PEPPER TO TASTE 1 WHOLE EGG BEATEN,http://thepioneerwoman.com/cooking/2010/10/creamy-cheese-grits-with-chilies/,http://static.thepioneerwoman.com/cooking/files/2010/10/5079611293_ff628b6e0c_z.jpg,PT45M,8,2010-10-14,PT5M,"I have a good, basic recipe for cheese grits in my cookbook, but last night I was feeling feisty.     I was cooking steaks. B...",Medium
16,Big Steak Salad,2 WHOLE RIB-EYE OR STRIP STEAKS  EXTRA FAT TRIMMED  _____  FOR THE DRESSING/MARINADE: 3/4 CUPS CANOLA OIL 3 TABLESPOONS RED WINE VINEGAR 1 TABLESPOON BALSAMIC VINEGAR 1 TABLESPOON WORCESTERSHIRE SAUCE 2 TABLESPOONS SOY SAUCE 1 TEASPOON (ADDITIONAL) SOY SAUCE 2 TABLESPOONS LIME JUICE 2 TABLESPOONS SUGAR 3 CLOVES GARLIC  PEELED 1 TABLESPOON MINCED FRESH GINGER 1/2 TEASPOON HOT CHILI OIL 1 TEASPOON KOSHER SALT  LOTS OF FRESHLY GROUND BLACK PEPPER  _____  FOR THE ONION STRINGS: 2 WHOLE ONIONS  SLICED AS THIN AS POSSIBLE 2 CUPS BUTTERMILK 2 CUPS FLOUR 1 TABLESPOON SALT 1/2 TEASPOON CAYENNE PEPPER 1 QUART CANOLA OIL  BLACK PEPPER TO TASTE  _____  FOR THE CANDIED PECAN BITS: 1/2 CUP PECANS  CHOPPED 1 CUP SUGAR 2 TABLESPOONS WATER  _____  FOR THE SALAD:  LETTUCE MIX: ROMAINE  ARUGULA  WATERCRESS  RADDICCIO  ETC.  SMALL GRAPE TOMATOES 3/4 CUPS CRUMBLED BLUE CHEESE,http://thepioneerwoman.com/cooking/2010/10/big-steak-salad/,http://static.thepioneerwoman.com/cooking/files/2010/10/5095710774_9a8833d919_z.jpg,PT20M,4,2010-10-20,PT1M,There are few things I love more than a big green salad with sliced grilled steak on top. Whenever Marlboro Man and I land at...,Easy
17,Butternut Squash &amp; Kale Quesadillas,1/2 WHOLE BUTTERNUT SQUASH  PEELED  SEEDED  AND DICED. 2 TABLESPOONS BUTTER 1 TABLESPOON OLIVE OIL 1/2 TEASPOON KOSHER SALT  BLACK PEPPER TO TASTE 1/4 TEASPOON CHILI POWDER (MORE TO TASTE) 1 BUNCH KALE  LEAVES TORN  STALKS DISCARDED 8 WHOLE SMALL (FAJITA SIZED) FLOUR TORTILLAS  EXTRA BUTTER FOR FRYING 2-1/2 CUPS MONTEREY JACK CHEESE  GRATED (MORE IF NEEDED)  SOUR CREAM FOR SERVING  CILANTRO  FOR SERVING  PICO DE GALLO  SALSA  AVOCADO SLICES (OPTIONAL) FOR SERVING,http://thepioneerwoman.com/cooking/2013/01/butternut-squash-kale-quesadillas/,http://static.thepioneerwoman.com/cooking/files/2013/01/squashkale.jpg,PT20M,4,2013-01-07,PT15M,I am a passionate lover of butternut squash. I've written before about how a spoonful of butternut squash puree (spiked with ...,Medium
18,Restaurant Style Salsa,1 CAN (28 OUNCE) WHOLE TOMATOES WITH JUICE 2 CANS (10 OUNCE) ROTEL (DICED TOMATOES AND GREEN CHILIES) 1/4 CUP CHOPPED ONION 1 CLOVE GARLIC  MINCED 1 WHOLE JALAPENO  QUARTERED AND SLICED THIN 1/4 TEASPOON SUGAR 1/4 TEASPOON SALT 1/4 TEASPOON GROUND CUMIN 1/2 CUP CILANTRO (MORE TO TASTE!) 1/2 WHOLE LIME JUICE,http://thepioneerwoman.com/cooking/2010/01/restaurant-style-salsa/,http://static.thepioneerwoman.com/cooking/files/2010/07/4307514771_c089bbd7101.jpg,PT,12,2010-01-27,PT10M,"Okay. Here's the situation:     I am completely high maintenance when it comes to salsa.     Now, I'm not talking about Pico ...",Easy
19,Passover Brisket,1 WHOLE BEEF BRISKET  TRIMMED OF ALL FAT (5 TO 8 POUNDS) 1 BOTTLE (24 OUNCE) KETCHUP OR CHILI SAUCE (MAKE SURE IT'S KOSHER) 1 PACKAGE ONION SOUP MIX (MAKE SURE IT'S KOSHER),http://thepioneerwoman.com/cooking/2010/03/passover-brisket-i-think/,http://static.thepioneerwoman.com/cooking/files/2010/07/4475462524_0903f9b850.jpg,PT7H,8,2010-03-30,PT10M,"Okay. I think we've more than established that when it comes to correct methods for cooking and serving Passover food, I am n...",Hard
20,Sloppy Joes,2 TABLESPOONS BUTTER 2-1/2 POUNDS GROUND BEEF 1/2 WHOLE LARGE ONION  DICED 1 WHOLE LARGE GREEN BELL PEPPER  DICED 5 CLOVES GARLIC  MINCED 1-1/2 CUP KETCHUP 1 CUP WATER 2 TABLESPOONS BROWN SUGAR 2 TEASPOONS CHILI POWDER (MORE TO TASTE) 1 TEASPOON DRY MUSTARD 1/2 TEASPOON RED PEPPER FLAKES (MORE TO TASTE)  WORCESTERSHIRE SAUCE  TO TASTE 2 TABLESPOONS TOMATO PASTE (OPTIONAL)  TABASCO SAUCE (OPTIONAL; TO TASTE)  SALT TO TASTE  FRESHLY GROUND BLACK PEPPER  TO TASTE  KAISER ROLLS  BUTTER,http://thepioneerwoman.com/cooking/2010/04/sloppy-joes/,http://static.thepioneerwoman.com/cooking/files/2010/07/4512963320_bba26f6a97_o.jpg,PT20M,8,2010-04-12,PT10M,"I used to be terrified of sloppy joes. It's true. When I was a little girl, I got it in my head that sloppy joes were demons,...",Medium
21,Butternut Squash Risotto,1/2 WHOLE BUTTERNUT SQUASH  PEELED  SEEDED  AND DICED. 3 TABLESPOONS BUTTER 1 TABLESPOON OLIVE OIL 1/2 TEASPOON KOSHER SALT  BLACK PEPPER TO TASTE 1/4 TEASPOON CHILI POWDER 1/2 WHOLE DICED ONION 1-1/2 CUP ARBORIO RICE 6 CUPS (APPROXIMATELY) VEGETABLE OR CHICKEN BROTH (LOW SODIUM)  SALT AND PEPPER  TO TASTE 1/8 TEASPOON TURMERIC 1/4 CUP HEAVY CREAM (LESS IF DESIRED) 1/2 CUP PARMESAN SHAVINGS (MORE FOR SERVING)  FINELY MINCED PARSLEY  FOR SERVING,http://thepioneerwoman.com/cooking/2013/01/butternut-squash-risotto/,http://static.thepioneerwoman.com/cooking/files/2013/01/risotto.jpg,PT1H,8,2013-01-21,PT10M,"A couple of weeks ago, I cooked Butternut Squash &amp; Kale Quesadillas. The same day, because I had hacked into a whole butternu...",Hard
22,"Chicken Tikka Masala, by Pastor Ryan",3 WHOLE (TO 4) CHICKEN BREASTS  KOSHER SALT  GROUND CORIANDER  CUMIN  TO TASTE 1/2 CUP PLAIN YOGURT 6 TABLESPOONS BUTTER 1 WHOLE LARGE ONION 4 CLOVES GARLIC 1 PIECE (APPROXIMATELY 2 INCHES) CHUNK FRESH GINGER  GARAM MASALA 1 CAN (28 OUNCE) DICED TOMATOES  SUGAR 1-1/2 CUP HEAVY CREAM 2 CUPS BASMATI RICE  _____  OPTIONAL:  FRESH CILANTRO  CHILI PEPPERS  TURMERIC  FROZEN PEAS,http://thepioneerwoman.com/cooking/2009/06/chicken-tikka-masala-by-pastor-ryan/,http://static.thepioneerwoman.com/cooking/files/2009/06/chicken-tikka-masala.jpg,PT1H,6,2009-06-04,PT30M,"Whether you love Chicken Tikka Masala or you've never tried it in your life, you're in for a treat. Ryan comes through once a...",Hard
23,Fresh Corn and Avocado Salsa,4 EARS SWEET CORN 2 WHOLE VERY FIRM AVOCADOS  DICED  1/2 RED ONION  DICED  1/2 JALAPENO  SEEDED AND FINELY DICED  1/2 HOT CHILI PEPPER  SEEDED AND FINELY DICED 1 WHOLE JUICE OF LIME  PLENTY OF CHOPPED CILANTRO  SALT TO TASTE 1 TABLESPOON VINEGAR 1 TEASPOON SUGAR (OPTIONAL),http://thepioneerwoman.com/cooking/2009/08/fresh-corn-avocado-salsa/,http://static.thepioneerwoman.com/cooking/files/2009/08/ree_66701.jpg,PT,10,2009-08-13,PT25M,"I dropped by the Lodge yesterday afternoon and discovered, to both my horror and excitement, that our friend Dave from Indian...",Easy
24,White Chicken Enchiladas,2-1/2 CUPS COOKED  SHREDDED CHICKEN 2 CUPS RESERVED BROTH FROM CHICKEN 3 TABLESPOONS CANOLA OIL 12 WHOLE CORN TORTILLAS 1 WHOLE LARGE ONION  DICED 3 WHOLE 4 OZ CANS WHOLE GREEN CHILIES  DICED 1 WHOLE JALAPENO  SEEDED AND FINELY DICED 1 TEASPOON PAPRIKA 1/2 CUP HEAVY CREAM 2 TABLESPOONS BUTTER 2 TABLESPOONS FLOUR 1 CUP SOUR CREAM 2-1/2 CUPS MONTEREY JACK CHEESE  GRATED  SALT AND PEPPER  TO TASTE  PICANTE SAUCE (OPTIONAL)  CILANTRO  CHOPPED,http://thepioneerwoman.com/cooking/2009/11/white-chicken-enchiladas/,http://static.thepioneerwoman.com/cooking/files/2010/07/4060528829_67db52b435.jpg,PT30M,6,2009-11-09,PT45M,"I'm happy to share my method for making creamy, dreamy, delicious, nutritious, yummy, nummy white chicken enchiladas.    They...",Hard
25,Good Ol’ Basic Mexican Rice,2 TABLESPOONS CANOLA OIL 1/2 WHOLE LARGE ONION  CHOPPED 2 CUPS LONG GRAIN RICE 3 CLOVES GARLIC  MINCED 1 CAN ROTEL DICED GREEN CHILIES AND TOMATOES (10 OUNCE CAN) 1 CAN WHOLE TOMATOES (14.5 OUNCE CAN) 2 CUPS LOW SODIUM CHICKEN BROTH (MORE IF NEEDED) 1 TEASPOON CUMIN (MORE TO TASTE) 1 TEASPOON KOSHER SALT  FRESH CILANTRO  CHOPPED,http://thepioneerwoman.com/cooking/2009/11/good-ol-basic-mexican-rice/,http://static.thepioneerwoman.com/cooking/files/2010/07/4021656171_abe77dc608.jpg,PT15M,6,2009-11-11,PT10M,I serve this rice with my White Chicken Enchiladas and they really are the perfect complement. It's a very basic Mexican rice...,Easy
26,Lazy Chiles Rellenos,8 WHOLE ROASTED  PEELED  AND SEEDED GREEN CHILES 1-1/2 CUP MONTEREY JACK CHEESE  GRATED 5 WHOLE LARGE EGGS 2 CUPS WHOLE MILK  SALT AND BLACK PEPPER TO TASTE 1/2 TEASPOON PAPRIKA 1/4 TEASPOON CAYENNE PEPPER,http://thepioneerwoman.com/cooking/2009/11/lazy-chiles-rellenos/,http://static.thepioneerwoman.com/cooking/files/2010/07/4098250665_65310ab692.jpg,PT45M,9,2009-11-12,PT5M,This dish ain't fancy.     This dish ain't difficult to make. (Huh. Understatement of the modern era.)    This dish...ain't n...,Medium
27,White Chili,1 WHOLE FRYER CHICKEN  CUT UP (OR 3 CUPS COOKED CHICKEN) 1 WHOLE MEDIUM ONION  DICED 4 CLOVES GARLIC  MINCED 2 WHOLE CANS GREEN CHILIES  CHOPPED 1 POUND DRIED GREAT NORTHERN BEANS  RINSED 8 CUPS CHICKEN BROTH 1 WHOLE JALAPENO  SLICED 1-1/2 TABLESPOON GROUND CUMIN 1/2 TEASPOON PAPRIKA 1/2 TEASPOON CAYENNE PEPPER  SALT TO TASTE  WHITE PEPPER  TO TASTE 1 CUP WHOLE MILK 2 TABLESPOONS MASA (CORN FLOUR) OR CORNMEAL  GRATED MONTEREY JACK  TO TASTE  SOUR CREAM FOR GARNISH  CILANTRO FOR GARNISH  GUACAMOLE (OPTIONAL)  PICO DE GALLO (OPTIONAL)  CORN TORTILLAS  WARMED,http://thepioneerwoman.com/cooking/2010/01/simple-hearty-white-chili/,http://static.thepioneerwoman.com/cooking/files/2010/07/4243109382_1a797f44d2.jpg,PT2H,8,2010-01-04,PT25M,"I love white chili. And just like regular chili, there are as many incarnations as there are grains of sand in all the beache...",Hard
28,Enchiladas, FOR THE SAUCE: 1 TABLESPOON CANOLA OIL 1 TABLESPOON ALL-PURPOSE FLOUR 1 CAN (28 OUNCE) ENCHILADA OR RED SAUCE 2 CUPS CHICKEN BROTH 1/2 TEASPOON SALT 1/2 TEASPOON GROUND BLACK PEPPER 2 TABLESPOONS CHOPPED CILANTRO  _____  FOR THE MEAT: 1-1/2 POUND GROUND BEEF 1 WHOLE MEDIUM ONION  FINELY DICED 2 CANS (4 OUNCE) DICED GREEN CHILIES 1/2 TEASPOON SALT  _____  FOR THE TORTILLAS: 10 WHOLE (TO 14) CORN TORTILLAS 1/2 CUP CANOLA OIL  _____  TO ASSEMBLE: 3 CUPS GRATED SHARP CHEDDAR CHEESE 1/2 CUP CHOPPED BLACK OLIVES 1 CUP CHOPPED GREEN ONIONS 1/2 CUP CHOPPED CILANTRO,http://thepioneerwoman.com/cooking/2008/09/simple-perfect-enchiladas/,http://static.thepioneerwoman.com/cooking/files/2008/09/Enchiladas.jpg,PT20M,6,2008-09-15,PT1H30M,"Okay, people. Let's get down to business here. Let's make enchiladas!     Did you know that in addition to having an imaginar...",Hard
29,Mexican Layer Dip,1 CAN REFRIED BEANS  TABASCO SAUCE  TO TASTE 1 CAN DICED GREEN CHILIES  GROUND CUMIN  TO TASTE 3/4 CUPS GRATED SHARP CHEDDAR CHEESE 1 CUP SOUR CREAM 1 CUP GUACAMOLE 3/4 CUPS MONTEREY JACK CHEESE 1 CAN BLACK OLIVES 1 CUP PICO DE GALLO,http://thepioneerwoman.com/cooking/2009/01/mexican-layer-dip/,http://static.thepioneerwoman.com/cooking/files/2010/07/3240212440_df1959a301.jpg,PT,8,2009-01-30,PT15M,"    It's the exact same Mexican Layer Dip I grew up eating in the eighties, with the exception of these modifications:    1. ...",Easy
30,What I Made for Lunch on Saturday,1-1/2 POUND LINGUINE 1 BUNCH CILANTRO  ROUGHLY CHOPPED 4 WHOLE GREEN ONIONS  THINLY SLICED  _____  PEANUT DRESSING: 5 CLOVES GARLIC  PEELED 1 CUP CHUNKY PEANUT BUTTER 3/4 CUPS LOW SODIUM SOY SAUCE 4 TABLESPOONS (TO 5 TABLESPOONS) RED WINE VINEGAR 6 TABLESPOONS BROWN SUGAR 3 TABLESPOONS (TO 4 TABLESPOONS) RED CHILE OIL 1/4 CUP OLIVE OIL 1/4 CUP SESAME OIL (CAN ALSO USE 1/2 CUP OLIVE OIL) 1 TABLESPOON (TO 2 TABLESPOONS) TOASTED SESAME OIL (SOLD IN THE ASIAN AISLE),http://thepioneerwoman.com/cooking/2009/04/what-i-made-for-lunch-on-saturday/,http://static.thepioneerwoman.com/cooking/files/2009/04/what-i-made-for-lunch-on-saturday.jpg,PT10M,4,2009-04-27,PT20M,It's a long and lengthy process to explain why I cooked what I cooked for the Smitten Kitchen get together at the Lodge on Sa...,Medium
31,Leftover Brisket Tostadas, BEEF BRISKET LEFTOVERS 1 PACKAGE SMALL CORN TORTILLAS 1 CAN (ABOUT 16 OZ.) REFRIED BEANS 1 CAN (ABOUT 8 OZ.) HOT TOMATO SAUCE OR CHILI SAUCE (OPTIONAL)  PICO DE GALLO  SHREDDED CHEESE  LETTUCE  SOUR CREAM 1 WHOLE AVOCADO  VEGETABLE OIL,http://thepioneerwoman.com/cooking/2008/01/leftover_brisket_make_tostadas/,http://static.thepioneerwoman.com/cooking/files/2010/07/2189916287_31398ea690.jpg,PT5M,6,2008-01-15,PT15M,"    There are few things more exciting, culinarily speaking, than slaving away over a dish for hours, then finding a way to u...",Easy
32,Cooking With Pastor Ryan: Delicious Mexican Lasagna,4 CUPS UNPREPARED RICE 6 CUPS (TO 8 CUPS) LOW SODIUM CHICKEN BROTH/STOCK 4 WHOLE (TO 8) TOMATOES (UP TO YOU) 2 WHOLE (TO 3) ONIONS (UP TO YOU) 8 CLOVES (TO 14 CLOVES) OF GARLIC (UP TO YOU)  BUTTER  TACO SEASONING (OR CHILI POWDER  PAPRIKA  AND CUMIN) TO TASTE 1 CAN (TO 2 CANS) BLACK OR PINTO BEANS (UP TO YOU) 3 POUNDS LEAN GROUND BEEF 2 JARS (16 OUNCE) SALSA VERDE  FLOUR TORTILLAS 3 PACKAGES (16 OUNCES) MEXICAN CHEESE BLEND 1 JAR (16 OUNCE) ENCHILADA SAUCE 3 CANS CORN  DRAINED  SOUR CREAM  TO TASTE  CILANTRO  TO TASTE,http://thepioneerwoman.com/cooking/2008/08/cooking-with-pastor-ryan-delicious-mexican-lasagna/,http://static.thepioneerwoman.com/cooking/files/2008/08/Delicious-Mexican-Lasagna.jpg,PT35M,8,2008-08-14,PT45M,"Hello PW peeps. It's Ryan, and I'm so excited to share this recipe with you because this has truly been the go-to meal of the...",Hard
33,Spicy Shredded Pork,4 POUNDS (UP TO 7 POUNDS) PORK SHOULDER 1 TEASPOON DRIED OREGANO 1 TEASPOON GROUND CUMIN 1 TEASPOON CHILI POWDER 1 TABLESPOON (TO 2 TABLESPOONS) SALT  PEPPER TO TASTE 3 CLOVES (TO 4 CLOVES) GARLIC 1 TABLESPOON (TO 2 TABLESPOONS) OLIVE OIL 2 TABLESPOONS (TO 3 TABLESPOONS) WHITE WINE VINEGAR 1/4 CUP BROWN SUGAR 1 WHOLE ONION  LIME WEDGES,http://thepioneerwoman.com/cooking/2008/08/spicy-shredded-pork/,http://static.thepioneerwoman.com/cooking/files/2008/08/Spicy-Shredded-Pork.jpg,PT4H,8,2008-08-06,PT20M,"   Oh my goodness, am I ever in love with pork shoulder. Wait a minute...did I just say that? That I'm in love with pork...",Hard
34,Salad Tacos,16 WHOLE TACO SHELLS 2 POUNDS GROUND BEEF 3 TABLESPOONS TACO SEASONING 1 CAN (4 OUNCE) TOMATO PASTE  SALT TO TASTE 1 CAN (14.5 OUNCE) BEANS (KIDNEY  PINTO  CHILI)  UNDRAINED 1/2 CUP HOT WATER 1 HEAD GREEN LEAF LETTUCE  SLICED VERY THIN 1 CUP GRAPE TOMATOES  HALVED (OR DICED REGULAR TOMATOES) 1 CUP GRATED CHEESE (CHEDDAR  JACK  OR CHEDDAR/JACK)  FOR THE DRESSING: 1/4 CUP MAYONNAISE 1/4 CUP SOUR CREAM 1/4 CUP SALSA 1 TABLESPOON RANCH DRESSING MIX (OPTIONAL)  EXTRA HOT SAUCE (OPTIONAL)  CRUSHED TORTILLA CHIPS (OPTIONAL),http://thepioneerwoman.com/cooking/2013/01/salad-tacos/,http://static.thepioneerwoman.com/cooking/files/2013/01/tacos.jpg,PT15M,8,2013-01-31,PT10M,"I made these tacos before my family and I left for our trip to Colorado, and we devoured every bite. They're pretty much the ...",Easy
35,Thai Chicken Wraps,2 WHOLE BONELESS  SKINLESS CHICKEN BREASTS (BREAST HALVES)  OPTION 1 MARINADE/SAUCE 1 TABLESPOON RICE WINE VINEGAR 1/4 CUP SOY SAUCE 1 TEASPOON PURE SESAME OIL 1 TEASPOON HOT CHILI OIL  JUICE OF 2 LIMES 1 TABLESPOON MINCED FRESH GINGER 2 TABLESPOONS BROWN SUGAR (OPTIONAL) 1 TEASPOON CORNSTARCH 2 TABLESPOONS HONEY (OR BROWN SUGAR)  PEANUT OR CANOLA OIL FOR FRYING  PEANUT SAUCE 1/2 CUP PEANUT BUTTER (CRUNCH/CHUNKY IS GOOD!) 3 TABLESPOONS SOY SAUCE 3 TABLESPOONS HONEY 1/2 TEASPOON HOT CHILI OIL 1 TEASPOON CRUSHED RED PEPPER  JUICE OF 2 LIMES  WATER  AS NEEDED FOR THINNING  WRAPS 2 WHOLE WHOLE-WHEAT TORTILLAS  GREEN LEAF OR OTHER LETTUCE  LEAVES LEFT WHOLE OR SHREDDED 1 WHOLE LARGE CARROT  CUT INTO THIN STRIPS OR JULIENNE 1/2 WHOLE CUCUMBER  SEEDS SCRAPED OUT  CUT INTO STRIPS  CILANTRO LEAVES  SHELLED PEANUTS  OPTIONAL ADDITIONS:  BEAN SPROUTS  ALFALFA SPROUTS  BABY SPINACH LEAVES  THINLY SLICED RED ONION  SLICED GREEN ONION  BLANCHED ASPARAGUS  SALT AND PEPPER  TO TASTE  SRIRACHA,http://thepioneerwoman.com/cooking/2013/02/thai-chicken-wraps/,http://static.thepioneerwoman.com/cooking/files/2013/02/wraps.jpg,PT10M,2,2013-02-12,PT20M,"I made these yummy, crunchy, flavorful wraps after church last Sunday for the following reasons:    1. I was alone in the hou...",Medium
36,Beef Fajitas,1 WHOLE BEEF FLANK STEAK 1/2 CUP OLIVE OIL 3 TABLESPOONS WORCESTERSHIRE SAUCE 1/3 CUP LIME JUICE  FRESH SQUEEZED 3 CLOVES GARLIC  MINCED 1 TABLESPOON CUMIN 1 TABLESPOON CHILI POWDER 1/2 TEASPOON RED PEPPER FLAKES 1 TEASPOON SALT 1/2 TEASPOON BLACK PEPPER 1 TABLESPOON SUGAR 2 WHOLE MEDIUM ONIONS  HALVED AND SLICED 1 WHOLE RED BELL PEPPER  SLICED 1 WHOLE ORANGE BELL PEPPER  SLICED 1 WHOLE GREEN BELL PEPPER  SLICED 1 WHOLE YELLOW BELL PEPPER  SLICED  OIL  FOR FRYING  FLOUR TORTILLAS  WARMED  CHEESE (GRATED CHEDDAR/JACK OR CRUMBLED QUESO FRESCO)  SALSA  SOUR CREAM  CILANTRO LEAVES,http://thepioneerwoman.com/cooking/2013/03/beef-fajitas/,http://static.thepioneerwoman.com/cooking/files/2013/03/fajitas1.jpg,PT15M,8,2013-03-04,PT2H,"When I get a hankering for beef fajitas, I pretty much can think of nothing else until I eat them. I made them over the weeke...",Hard
37,Pioneer Woman’s Favorite Sandwich,1 TABLESPOON DIJON MUSTARD  TO TASTE 1 TABLESPOON MAYONNAISE  TO TASTE 1 WHOLE TOMATO 1 WHOLE RED ONION  SMALL 2 SLICES MILD CHEDDAR 1 CAN (4 OZ.) WHOLE GREEN CHILIES 2 SLICES PROVOLONE 2 SLICES RYE BREAD  BUTTER,http://thepioneerwoman.com/cooking/2007/10/pioneer_womans_favorite_sandwich/,http://static.thepioneerwoman.com/cooking/files/2010/07/1470622409_212bb118bd.jpg,PT5M,1,2007-10-02,PT10M,"    Mmmmm...this is it, folks: The Sandwich That Brings Me the Most Happiness in Life. Granted, it's no Marlboro Man's Favori...",Easy
38,Chocolate Calypso Beans (remix),1 LB. JACOB'S CATTLE BEANS 2 T. OLIVE OIL 1 LARGE ONION  CHOPPED 1 RED BELL PEPPER  CHOPPED 5 CLOVES GARLIC  MINCED 2T. GROUND  DRIED RED CHILIES (I USED MED-HOT CHIMAYO) 1 1/2 T GROUND CUMIN 2+ T.  GROUND CINNAMON  1 T. GROUND ALLSPICE 4 1/2 CUPS WATER OR VEGETABLE STOCK 1 12 OZ. BOTTLE NEGRO MODELO MEXICAN BEER 1 1/2 DISCS IBARRA MEXICAN CHOCOLATE,http://www.101cookbooks.com/archives/000116.html,http://www.101cookbooks.com/mt-static/images/food/ranchogordobeans.jpg,,,2004-09-06,,101 Cookbooks: Chocolate Calypso Beans Recipe,Unknown
39,Green Curry with Tofu,INGREDIENTS FOR CHILI PASTE: 2 GREEN HOT CHILIES (THAI CHILIES) 1 TABLESPOON CHOPPED SHALLOTS 1 TEASPOON CHOPPED GALANGAL  1/2 TEASPOON CHOPPED KAFFIR LIME RIND 1 TABLESPOON CHOPPED GARLIC 1 TABLESPOON CHOPPED LEMONGRASS 1 TABLESPOON CHOPPED KRACHAI 1/4 TEASPOON ROASTED CUMIN SEEDS 1/4 TEASPOON ROASTED CORIANDER SEEDS 1/2 TEASPOON SALT OTHER INGREDIENTS: 1 CUP SLICED EGGPLANTS 1/4 CUP SMALLER PEA-LIKE EGGPLANTS (MAKHEAU PHUANG) 1/3 CUP SLICED ONION 70 GRAMS SLICED CHICKEN (OR FIRM TOFU) 1 TEASPOON SUGAR 1 TABLESPOON FISH SAUCE (OR SOY SAUCE FOR VEGETARIANS) 3 KAFFIR LIME LEAVES 2 STEMS SWEET BASIL (HORAPAA) 1 CUP COCONUT MILK 1 CUP WATER (AGAIN  CHICKEN CAN BE REPLACED TOFU),http://www.101cookbooks.com/archives/000130.html,http://www.101cookbooks.com/mt-static/images/food/.jpg,,,2004-12-01,,101 Cookbooks: Green Curry with Tofu Recipe,Unknown
40,Wild Mushroom Salad Recips,150 G (5 OZ) ASSORTED WILD MUSHROOMS 2 TABLESPOONS STOCK PINCH OF SALT PINCH OF WHITE SUGAR - OPTIONAL 3 TABLESPOONS LIME JUICE (YOU MIGHT USE LESS) 2 TABLESPOONS FISH SAUCE (FOR VEG: SUBSTITUTE A SPLASH OF SOY SAUCE) LARGE PINCH OF ROASTED CHILI POWDER 4 SHALLOTS  SLICED HANDFUL OF MIXED MINT AND CORIANDER LEAVES 2 TABLESPOONS SHREDDED PAK CHII FARANG (LONG-LEAF CORIANDER) 1 TABLESPOON CHOPPED SPRING (GREEN) ONION 1 TABLESPOON GROUND ROASTED RICE -A FEW SPRIGS OF THAI BASIL -SLICED CABBAGE AND CUCUMBER,http://www.101cookbooks.com/archives/000140.html,http://www.101cookbooks.com/mt-static/images/food/thaiwildmush.jpg,,,2005-02-01,,101 Cookbooks: Wild Mushroom Salad Recipe,Unknown
41,Fresh Apple Salsa,2 TART APPLES  LOCALLY GROWN IF POSSIBLE 4 TABLESPOONS LIME JUICE 1 FRESH JALAPENO CHILE 1 FRESH ANAHEIM CHILE 1/2 MEDIUM ONION  FINELY CHOPPED HANDFUL OF CILANTRO  ROUGHLY CHOPPED 1/2 CUP (2 OUNCES) WALNUTS  COARSELY CHOPPED AND LIGHTLY TOASTED 2 TABLESPOONS PEELED AND FINELY SLIVERED FRESH GINGER 1/4 TEASPOON SALT,http://www.101cookbooks.com/archives/000170.html,http://www.101cookbooks.com/mt-static/images/food/applesalsa.jpg,,Serves 4 to 6.,2005-05-28,,101 Cookbooks: From the Archives: Fresh Apple Salsa Recipe,Unknown
42,Pierce Street Vegetarian Chili Recipe,2 TABLESPOONS OLIVE OIL 1 LARGE YELLOW ONION  CHOPPED 2 SHALLOTS  CHOPPED 8 SMALL/MED GARLIC CLOVES  FINELY CHOPPED 1 TABLESPOON GINGER  PEELED AND GRATED 3 TABLESPOONS CHILI POWDER 1 TEASPOON GROUND CUMIN 1 SERRANO PEPPER  SEEDED AND FINELY CHOPPED 1 CHIPOTLE PEPPER (FROM CAN OR REHYDRATE)  MINCED 1 28-OUNCE CAN OF CRUSHED TOMATOES 10  CUPS VEGETABLE BROTH 1 1/2 CUPS COOKED CHICKPEAS (CANNED IS FINE) 2 1/4 CUPS BLACK  BROWN  OR GREEN LENTILS (OR COMBO)  RINSED AND PICKED OVER 2/3 CUP PEARLED BARLEY OR PEARLED FARRO 2/3 CUP BULGUR WHEAT 1 TEASPOON FINE GRAIN SEA SALT (OR TO TASTE) TOPPINGS (OPT): A BIT OF CHOPPED SERRANOS  A BIT OF FETA OR DOLLOP OF THINNED OUT SALTED YOGURT  A DRIZZLE OF EQUAL PARTS CHOPPED FRESH OREGANO AND OLIVE OIL  CHOPPED ONION,http://www.101cookbooks.com/archives/pierce-street-vegetarian-chili-recipe.html,http://www.101cookbooks.com/mt-static/images/food/vegetarian_chili_recipe.jpg,,,2009-05-13,,"The best pot of chili I've made in years. A vegetarian chili recipe Inspired by a bunch of those little bags of remnant grains and pulses that collect in my cupboards - bulgur, farro, and lentils, join chile peppers, crushed tomatoes, some chickpeas, and a secret ingredient.",Unknown
43,Vegetarian Tortilla Soup Recipe,6-8 CORN TORTILLAS  CUT IN HALF AND THEN INTO  MATCHSTICK-THIN STRIPS A BIG SPLASH OF EXTRA VIRGIN OLIVE OIL FINE GRAIN SEA SALT 20 SMALL YELLOW OR RED CHERRY TOMATOES ANOTHER SPLASH OF EXTRA VIRGIN OLIVE OIL 3 CLOVES GARLIC  CHOPPED 1 LARGE WHITE ONION  CHOPPED 1 TEASPOON GROUND CUMIN 2 TEASPOONS GROUND CORIANDER 1 TEASPOON CAYENNE OR OTHER SPICY RED CHILI POWDER 1 14-OUNCE CAN CRUSHED TOMATOES 6 CUPS VEGETABLE BROTH (OR WATER) A FEW SUN-DRIED TOMATOES  CHOPPED 1/4 CUP OF GOAT CHEESE  CRUMBLED,http://www.101cookbooks.com/archives/vegetarian-tortilla-soup-recipe.html,http://www.101cookbooks.com/mt-static/images/food/tortilla_soup_recipe.jpg,,Makes about 6 servings.,2008-06-19,,"My tortilla soup recipe - a full-bodied, spicy vegetarian broth envelops a nest of baked tortilla matchsticks. Tiny roasted tomatoes along with a bit of goat cheese lend tang and texture, and flecks of sun-dried tomatoes bring depth and richness to each bowl.",Unknown
44,Bourbon Baked Sweet Potatoes,5-6 CHUBBY  RED-FLESHED SWEET POTATOES SPLASH OF EXTRA-VIRGIN OLIVE OIL SALT AND PEPPER 1-INCH SQUARE OF GINGER  PEELED AND GRATED 2 GENEROUS PINCHES OF GROUND CINNAMON OR CANELA 1 GENEROUS PINCH OF GROUND CLOVES ZEST OF ONE LEMON (ORANGE ZEST WOULD BE GOOD TOO) 3T UNSALTED BUTTER  MELTED AND COOLED A BIT 1/4 CUP MAPLE SYRUP SPLASH OF MILK (2T. OR SO) SPLASH OF BOURBON (2T. OR SO) 1/4 FRESHLY GRATED PARMESAN (NOT FROM THE PLASTIC CONTAINER!) SPICY PECANS (RECIPE BELOW) 1 TABLESPOON UNSALTED BUTTER 2 CUPS PECANS 1/3 CUP BROWN SUGAR 1 TEASPOON PAPRIKA 1 TEASPOON RED CHILE POWDER 3 TABLESPOONS CIDER VINEGAR,http://www.101cookbooks.com/archives/000129.html,http://www.101cookbooks.com/mt-static/images/food/bourbonsweet2.jpg,,,2004-11-26,,101 Cookbooks: Bourbon Baked Sweet Potatoes Recipe,Unknown
45,Red Rice Salad with Boiled Eggs and Macadamias,1 3/4 CUPS TO 2 CUPS WATER 1 CUP RED RICE 2 TABLESPOONS OIL  4 LARGE SHALLOTS  CHOPPED 3 CLOVES GARLIC  CHOPPED 1 LARGE RED CHILE  SEEDED AND CHOPPED 1-INCH PIECE GINGER ROOT  CHOPPED (HS NOTE: I GRATED IT) 1 TEASPOON GROUND CORIANDER 1 LARGE CARROT  THINLY SLICED 8 OUNCES GREEN BEANS  TRIMMED AND CHOPPED 1/2 CUP COCONUT MILK (HS NOTE: LITE IS FINE) 1/4 CUP SOY SAUCE 1/2 TEASPOON MOLASSES 4 LARGE EGGS  BOILED AND PEELED 1 LARGE LIME  QUARTERED 1/2 CUP JULIENNED FRESH BASIL 1/4 CUP MACADAMIA NUTS  TOASTED AND CHOPPED,http://www.101cookbooks.com/archives/red-rice-salad-recipe.html,http://www.101cookbooks.com/mt-static/images/food/redricesaladrecipe_07.jpg,,Serves 8.,2007-09-19,,"Indonesian red rice salad with boiled eggs and macadamias. Riveting to look at, with a wonderfully complex array of flavors and textures to enjoy.
",Unknown
46,Rajasthani Buttermilk Curry Recipe,1 TABLESPOON VEGETABLE OIL (HS NOTE: I USED CLARIFIED BUTTER) 1 1/2 TEASPOONS BLACK MUSTARD SEEDS 1/2 TEASPOON CUMIN SEEDS 1/2 TEASPOON TURMERIC 1 LARGE OR 2 MEDIUM SCALLIONS  TRIMMED  SLICED LENGTHWISE IN HALF AND THEN CROSSWISE INTO 1-INCH LENGTHS 1 GREEN CAYENNE CHILE  MINCED (HS NOTE: THE SERRANO I HAD ON HAND WAS A REASONABLE SUBSTITUTE) 1/4 WATER  IF USING YOGURT 1 CUP PLAIN (FULL-OR-REDUCED FAT) YOGURT OR 1 1/4 CUPS BUTTERMILK 1/2 TEASPOON SALT  OR TO TASTE 2/3 TABLESPOONS CHOPPED CORIANDER LEAVES (HS NOTE: ALSO KNOWN AS CILANTRO),http://www.101cookbooks.com/archives/001407.html,http://www.101cookbooks.com/mt-static/images/food/buttermilk_curry_recipe.jpg,,Serves 2 to 3.,2006-05-18,,"Rajasthani buttermilk curry recipe from the award-winning cookbook Mangoes &amp; Curry Leaves, by Jeffrey Alford and Naomi Duguid.",Unknown
47,Roasted Cauliflower Recipe,4-INCH SEGMENT OF A THIN DAY-OLD BAGUETTE 1 MEDIUM HEAD OF CAULIFLOWER  WASHED EXTRA-VIRGIN OLIVE OIL SCANT 1/2 TEASPOON SALT 2 CLOVES GARLIC  MINCED 1 FRESH RED CHILE PEPPER  MINCED,http://www.101cookbooks.com/archives/001533.html,http://www.101cookbooks.com/mt-static/images/food/roastedcauliflower.jpg,,Serves 4. ,2006-11-29,,"Oven-roasted cauliflower florets with breadcrumbs, garlic, red chile pepper, salt and olive oil.",Unknown
48,Sweet Potato Pot Pie Recipe,3 TABLESPOONS EXTRA-VIRGIN OLIVE OIL   1 MEDIUM WHITE OR YELLOW ONION  CHOPPED   3 CLOVES GARLIC  CHOPPED   2 1/2 TO 3 CUPS SWEET POTATOES  PEELED AND DICED INTO  1/4-INCH PIECES   1/2 TEASPOON SALT (PLUS MORE TO TASTE)   1 TABLESPOON ADOBO SAUCE FROM A CAN OF CHIPOTLE CHILIES (OR MORE TO TASTE)   1 CUP CORN KERNELS  FRESH OR FROZEN   2 CUPS COLD WHOLE OR LOW-FAT MILK   2 TABLESPOONS CORNSTARCH   1 BOX PUFF PASTRY DOUGH (ALLOW 20 TO 30 MINUTES TO THAW)   1 EGG WHITE,http://www.101cookbooks.com/archives/000127.html,http://www.101cookbooks.com/mt-static/images/food/potpies1.jpg,,,2004-11-15,,"A recipe from my first book that was featured in the Washington post - sweet potatoes, chipotle, corn, onions, and puff pastry.",Unknown
49,Slurp-tastic Herb Noodles Recipe,4 OUNCES THIN  DRIED SPINACH PASTA  (THIN) 1 CUP COCONUT MILK (LIGHT IS FINE) SCANT 1 TABLESPOON GREEN OR YELLOW CURRY PASTE 1 1/2 CUPS LIGHTLY FLAVORED VEGETABLE BROTH ~1/4 TEASPOON SALT (MORE OR LESS DEPENDING ON THE SALTINESS OF YOUR BROTH) 6 OUNCES TOFU  CUT INTO SMALL CUBES OR PIECES 1/4 CUP CHIVES  MINCED 1/3 CUP CILANTRO  CHOPPED 1/4 CUP BASIL  CHOPPED JUST BEFORE USING PINCH OF CRUSHED RED CHILE PEPPERS,http://www.101cookbooks.com/archives/slurptastic-herb-noodles-recipe.html,http://www.101cookbooks.com/mt-static/images/food/herb_noodles.jpg,,Serves 2 to 4.,2008-09-30,,"A big, slurpy bowl of whisper-thin spinach noodles draped in a spicy curry and herb broth - inspired by a beautiful box of noodles I picked up in Mill Valley, Ca.",Unknown
50,Borlotti Bean Mole with Roast Winter Squash,~1 1/2 CUPS (7 OUNCES) FRESH BORLOTTI BEANS ~1 1/2 CUPS (7 OUNCES) WINTER SQUASH OLIVE OIL 4 - 5  BIG LEAVES OF KALE (3 1/2 OUNCES) 2 TABLESPOONS BUTTER 1 MEDIUM ONION  CHOPPED 2 - 4 RED JALAPENO CHILES  HALVED  SEEDED  AND CHOPPED 2 GARLIC CLOVES  CHOPPED 1 POUND OF FRESH PLUM TOMATOES  CHOPPED OR 14-OUNCE CAN 2 TEASPOONS PAPRIKA 1 OUNCE OF ALMONDS  DARK ROASTED AND FINELY GROUND 2 OUNCES DARK 70% DARK CHOCOLATE  BROKEN INTO PIECES SALT,http://www.101cookbooks.com/archives/borlotti-bean-mole-with-roast-winter-squash-recipe.html,http://www.101cookbooks.com/mt-static/images/food/pumpkin_mole_recipe.jpg,,Serves 4.,2008-10-11,,"A rich, hearty vegetarian mole recipe from Denis Cotter's new book. Seasonal beans, squash, and kale are baked in a rich, hearty chocolate and paprika-spiked mole. ",Unknown
51,Pappardelle with Spiced Butter,1/4 TEASPOON SAFFRON THREADS PINCH OF SALT 1 STICK / 4 OZ / 100 G BUTTER 2 TABLESPOONS EXTRA VIRGIN OLIVE OIL 6 MEDIUM SHALLOTS  CHOPPED 1/2 TEASPOON GROUND GINGER 1/2 TEASPOON SWEET PAPRIKA 1/2 TEASPOON GROUND CORIANDER 1/2 TEASPOON GROUND CINNAMON SCANT 1/2 TEASPOON CAYENNE PEPPER 1/4 TEASPOON RED CHILE FLAKES 1/4 TEASPOON GROUND TURMERIC 1/4 TEASPOON+ FINE GRAIN SEA SALT BLACK PEPPER 1/2 POUND / 8 OZ / 225 G DRIED PAPPARDELLE EGG PASTA  1/2 POUND / 8 OZ / 225 G ASPARAGUS  SLICED INTO 1/4-INCH ROUNDS SPLASH OF CREAM 1/2 CUP / 2 OZ / 60 G PINE NUTS  TOASTED AND CHOPPED 2 TABLESPOONS ROUGHLY CHOPPED MINT 2 TABLESPOONS ROUGHLY CHOPPED PARSLEY,http://www.101cookbooks.com/archives/pappardelle-with-spiced-butter-recipe.html,http://www.101cookbooks.com/mt-static/images/food/spiced_pappardelle_recipe.jpg,PT10M,,2010-05-18,PT20M,"A recap of my Sunday, including a few portraits I shot, plus a top-notch pasta with spiced butter and asparagus inspired by a recipe from Yotam Ottolenghi's new book.",Medium
52,A Good Soup for the Sick,1 POUND CRANBERRY BEANS (LIKE BORLOTTI) 8 CUPS OF WATER 15 MEDIUM CLOVES OF GARLIC  PEELED AND TRIMMED 2 BIG SHALLOTS (I MIGHT HAVE USED A WHITE ONION BUT DIDN'T HAVE ONE)  SLICED ON THE AXIS INTO THIN CRESCENTS 2-3 DRIED SMOKED CHILES (I USED SMOKED SERRANOS) BUT I SUSPECT DRIED CHIPOTLES OR EVEN ONE OR TWO CHIPOTLES FROM THE CAN (IN ADOBO SAUCE) WOULD WORK NICELY 2 TEASPOONS+  FINE SEA SALT FOR SEASONING A DRIZZLE OF FLAVORFUL EXTRA-VIRGIN OLIVE OIL A SMALL HANDFUL OF CILANTRO  CHOPPED A COUPLE (OPTIONAL) HANDFULS OF A SALTY HARD CHEESE  PARMESAN  GRATED (I THINK MY MYSTERY CHEESE WAS ACTUALLY THREE SISTERS SERENA),http://www.101cookbooks.com/archives/001397.html,http://www.101cookbooks.com/mt-static/images/food/soup_for_when_sick.jpg,,Serves 4 to 6,2006-04-21,,"Turn to this miraculously delicious soup when you are feeling sick - beans, water, garlic, shallots, chiles. Total active prep time was under five minutes, the rest is just waiting and anticipating.
",Unknown
53,Lively Up Yourself Lentil Soup Recipe,2 CUPS BLACK BELUGA LENTILS (OR GREEN FRENCH LENTILS)  PICKED OVER AND RINSED 1 TABLESPOON EXTRA VIRGIN OLIVE OIL 1 LARGE ONION  CHOPPED 1 TEASPOON FINE-GRAIN SEA SALT 1 28-OUNCE CAN CRUSHED TOMATOES 2 CUPS WATER  3 CUPS OF A BIG LEAFY GREEN (CHARD  KALE  ETC)  RINSED WELL  DEVEINED  FINELY CHOPPED SAFFRON YOGURT A PINCH OF SAFFRON (30-40 THREADS) 1 TABLESPOON BOILING WATER TWO PINCHES OF SALT 1/2 CUP 2% GREEK YOGURT  VARIATIONS: - YOU CAN SERVE IT WITH A POACHED EGG ON TOP  - OR CRUNCHY  FRIED SHALLOTS  - WITH A DRIZZLE OF CHIVE INFUSED CREAM  - OR WITH CHUNKS OF TINY PAN-FRIED BUTTERNUT SQUASH CUBES. - MAKE A THICKER VERSION BY USING JUST A BIT OF WATER  AND THEN SPOON IT OVER AN OMELETTE IN THE MORNING. - HAVE SOME COOKED FARRO OR WHEAT BERRIES AROUND? TOSS SOME IN. MILLET MIGHT BE GOOD TOO. - YOU CAN FINISH THE SOUP BY ADDING YOUR FAVORITE SPICES OR SPICE BLENDS. SMOKED PAPRIKA  CRUSHED CHILES  TOASTED CUMIN  WOULD ALL WORK NICELY.,http://www.101cookbooks.com/archives/lively-up-yourself-lentil-soup-recipe.html,http://www.101cookbooks.com/mt-static/images/food/lentil_soup_recipe_07.jpg,,Serves 6 to 8. ,2008-01-03,,"Healthy, quick, and satisfying this lentil soup recipe delivers layer after layer of flavor. The tang of the tomatoes plays off the earthiness of the lentils, and the fragrant bolt of saffron yogurt brightens each bowl.",Unknown
54,Palak Daal,1 CUP / 6.5 OZ / 185 G WHITE URID OR URAD DAAL  PICKED OVER AND RINSED 6 CUPS / 1.5 LITERS WATER  PLUS MORE IF NECESSARY 1/2 POUND SPINACH  WASHED AND FINELY CHOPPED 1 TABLESPOON GINGER  PEELED AND FINELY CHOPPED 1/2 TEASPOON TURMERIC 2 MEDIUM GREEN CHILE PEPPERS  MINCED 2 TOMATOES  CHOPPED 1/2 TEASPOON SALT 2 TABLESPOONS BUTTER 1/2 TEASPOON CUMIN SEEDS 1 TEASPOON PURE RED CHILE POWDER A PINCH OF ASAFETIDA  OPTIONAL MORE SALT TO TASTE JUICE OF 1/2 A LEMON 1/4 CUP CILANTRO  CHOPPED,http://www.101cookbooks.com/archives/palak-daal-recipe.html,http://www.101cookbooks.com/mt-static/images/food/palak_daal_recipe.jpg,PT120M,,2010-01-30,PT20M,"A palak daal recipe from Kasa's Anamika Khanna - a hearty pot of spinach, lentils, and spices. Kasa is a favorite Indian restaurant of mine here in San Francisco.",Hard
55,Salsa of the Year,3 T. VEGETABLE OIL  1 OUNCE DRIED MIRASOL (MILDER) OR SMOKED SERRANO (MORE HEAT) CHILIES GARLIC  12 SMALL TO MEDIUM CLOVES - PEELED ANOTHER 3 T. VEGETABLE OIL 1 1/4 CUPS VEGETABLE BROTH - STIR IN 1/3 CUP CREAM (OR TO TASTE) - FOR A SLIGHTLY CREAMY SAUCE THAT WILL ADD A BIT OF KICK TO A WIDE RANGE OF RECIPES. (THIS IS THE SAUCE YOU SEE IN THE PICTURES ON THIS POST). DRIZZLE ON SAVORY CREPES  EGG DISHES  CASSEROLES  ETC. - STIR A COUPLE TABLESPOONS INTO LIGHT OR VEGAN MAYO FOR A SPICY SANDWICH SPREAD. - SPREAD ON PANINI: WITH ALL SORTS OF FIXINGS.,http://www.101cookbooks.com/archives/000325.html,http://www.101cookbooks.com/mt-static/images/food/soty1.jpg,,Makes about 1 cup.,2005-08-21,,"Smoky and creamy, this salsa recipe is best drizzled over eggs, quesadilla, and crepes.",Unknown
56,A Quartet of Compound Butters,4 TABLESPOONS UNSALTED ORGANIC BUTTER  ROOM TEMPERATURE 1 OR 2 NUMI DESERT LIME TEA BAGS (DEPENDING ON HOW STRONG YOU WANT IT)  CUT OPEN AND THE CONTENTS GROUND IN A MORTAR AND PESTLE 1/4 TEASPOON FINE GRAIN SEA SALT 4 TABLESPOONS UNSALTED ORGANIC BUTTER  ROOM TEMPERATURE 1 TABLESPOON ORGANIC CANE SUGAR (I USED FLORIDA CRYSTALS) 1/3 CUP DEHYDRATED ORGANIC STRAWBERRIES  MINCED 4 TABLESPOONS UNSALTED ORGANIC BUTTER  ROOM TEMPERATURE 2 SERRANO CHILES  DEVEINED AND  SEEDED  LOOSELY CHOPPED 1/4 TEASPOON FINE GRAIN SEA SALT 4 TABLESPOONS UNSALTED ORGANIC BUTTER  ROOM TEMPERATURE 1 - 1 1/2 TEASPOONS SMOKED PAPRIKA 1/4 TEASPOON FINE GRAIN SEA SALT,http://www.101cookbooks.com/archives/001470.html,http://www.101cookbooks.com/mt-static/images/food/compoundbutter.jpg,,,2006-08-08,,"A quartet of vibrant, colorful, and unique compound butter recipes - Smoked Paprika, Dry Desert Lime, Raw Serrano, and Dehydrated Strawberry.  ",Unknown
57,My Favorite Grilled Kabob Recipe,MUHAMMARA SLATHER: 1 TABLESPOON CRUSHED RED PEPPER FLAKES OR 1 SMALL RED CHILE 1/2 TEASPOON GROUND CUMIN 3/4 CUP WALNUTS  TOASTED 1/4 CUP WHOLE-GRAIN  BREAD CRUMBS 1/4 CUP EXTRA-VIRGIN OLIVE OIL 2 TABLESPOONS POMEGRANATE MOLASSES 1/4 CUP TOMATO PASTE 2 TO 3 ROASTED RED PEPPERS 1/2 TO 1 CUP WARM WATER 1/2 TEASPOON FINE-GRAIN SEA SALT KABOBS 2 RED ONIONS  EACH CUT INTO 6 WEDGES 3 LEMONS  EACH CUT INTO 4 LENGTHWISE WEDGES 12 OUNCES EXTRA-FIRM TOFU  CUT INTO 12 EQUAL-SIZED CUBES 12 MUSHROOMS EXTRA-VIRGIN OLIVE OIL  FOR BRUSHING FINE-GRAIN SEA SALT SPECIAL EQUIPMENT: 6 WOODEN SKEWERS,http://www.101cookbooks.com/archives/my-favorite-grilled-kabob-recipe.html,http://www.101cookbooks.com/mt-static/images/food/grilledkabobsrecipe.jpg,,Makes 6 kabobs.,2007-06-27,,"A kabob recipe featuring grilled mushrooms, lemons, tofu red onions and a delicious red pepper walnut slather.",Unknown
58,Pineapple Rice Recipe,1/3 CUP MACADAMIA OIL  OLIVE OIL  OR SUNFLOWER OIL 2 TEASPOONS TOASTED SESAME OIL 1/4 CUP (FRESH OR CANNED) ALL-NATURAL 100% PINEAPPLE JUICE 1 GARLIC CLOVE 1/4 TEASPOON RED PEPPER FLAKES 2 TABLESPOONS SOY SAUCE (OR SHOYU) 1 CUP PINEAPPLE  CUT INTO CHUNKS 2 TEASPOONS FRESHLY GRATED GINGER 1/4 TEASPOON FINE GRAIN SEA SALT 4 HANDFULS OF MIZUNA  WATERCRESS  OR ARUGULA 2 1/2 CUPS COOKED BROWN RICE  ROOM TEMPERATURE 4 GREEN ONIONS  THINLY SLICED 3 SHALLOTS  PEELED AND THINLY SLICED 1 CUP CASHEWS  ROASTED/TOASTED AND CHOPPED 1/2 SMALL SERRANO CHILE  SEEDED AND DEVEINED  AND MINCED (OPTIONAL) 4 OUNCES SEITAN  CUT INTO LITTLE BITS AND PAN-FRIED (OPTIONAL),http://www.101cookbooks.com/archives/pineapple-rice-recipe.html,http://www.101cookbooks.com/mt-static/images/food/pineapple_rice_recipe.jpg,PT5M,,2009-09-15,PT15M,A nice platter of greens and brown rice doused in a spicy-salty-sweet pineapple dressing flecked with seitan. It's good hot or at room temperature.,Easy
59,Red Posole Recipe,1 POUND / 16 OZ / 453G DRIED READY-TO-COOK POSOLE / HOMINY (SEE HEAD NOTES) 1 SMALL WHITE ONION  DICED 3 MEDIUM GARLIC CLOVES  PEELED AND SMASHED 3 DRIED RED NEW MEXICAN CHILE PEPPERS  STEMS REMOVED (SEE HEAD NOTES) 1 TEASPOON DRIED MEXICAN OREGANO RED SAUCE: 2 TABLESPOONS EXTRA-VIRGIN OLIVE OIL 2 TABLESPOONS FINELY DICED WHITE ONION 2 MEDIUM CLOVES GARLIC  FINELY CHOPPED 1 TEASPOON DRIED OREGANO 2 TABLESPOONS FLOUR 1/2 TEASPOON GROUND CUMIN 1/2 CUP / 2 OZ / 50G GROUND RED CHILE (SEE HEAD NOTES) 1/2 TEASPOON FINE GRAIN SEA SALT A QUARTER OF ONE LIME,http://www.101cookbooks.com/archives/red-posole-recipe.html,http://www.101cookbooks.com/mt-static/images/food/red_posole_recipe.jpg,PT20M,,2009-12-24,PT240M,"A big pot of red posole made on a stormy day. A brick-red brothy sauce surrounds the posole, and individual bowls are topped with thin wisps of pan-fried tortillas, a pinch of toasted Mexican oregano, and a bit of crumbled feta.",Hard
60,Dried Fava Soup with Mint and Guajillo Chiles,1 POUND / 16 OZ / 450G HULLED DRY FAVA BEANS  RINSED (SEE PHOTO FOR REFERENCE IF NEEDED) 8 CUPS / 2 LITERS GOOD VEGETABLE BROTH OR WATER 6 GARLIC CLOVES  UNPEELED 1 LARGE WHITE ONION  SLICED 1/2-INCH / 1 CM THICK 1 1/2 POUNDS / 24 OZ / 680G RIPE TOMATOES 6 MEDIUM DRIED GUAJILLO OR PASILLA CHILES  STEMMED &AMP; SEEDED 2 TABLESPOONS EXTRA VIRGIN OLIVE OIL 2 TABLESPOONS CIDER VINEGAR 3/4 TEASPOON DRIED MEXICAN OREGANO 1 1/2 TEASPOON FINE-GRAIN SEA SALT  PLUS MORE TO TASTE 1/2 CUP / .25 OZ / 10G LOOSELY PACKED CHOPPED CILANTRO 2 TABLESPOONS CHOPPED FRESH MINT  PREF. SPEARMINT 1/2 CUP / 2 OZ / 55G CRUMBLED MEXICAN QUESO ANEJO OR FETA,http://www.101cookbooks.com/archives/dried-fava-soup-with-mint-and-guajillo-chiles-recipe.html,http://www.101cookbooks.com/mt-static/images/food/fava_soup_recipe.jpg,PT100M,,2010-09-15,PT10M,"Easily one of the best, most interesting soups I've cooked in years. Adapted from a recipe in Rick Bayless's Mexican Kitchen - a dried fava bean and roasted tomato base topped with a fascinating cider-kissed tangy/sweet quick-pickled chile topping.",Hard
61,Ottolenghi Soba Noodles,1/2 CUP / 120 ML BROWN RICE VINEGAR SCANT 1/3 CUP / 1.5 OZ / 40 G FINE-GRAIN NATURAL CANE SUGAR OR BROWN SUGAR 1/2 TEASPOON FINE GRAIN SEA SALT 2 GARLIC CLOVES  PEELED AND CRUSHED 1/4 TEASPOON RED PEPPER FLAKES OR 1/2 FRESH RED CHILE  MINCED 1 TEASPOON TOASTED SESAME OIL GRATED ZEST AND JUICE OF ONE LIME 1/3 CUP / 80 ML SUNFLOWER OIL OR OLIVE OIL 1 MEDIUM EGGPLANT/AUBERGINE 3/4 LB / 12 OZ  CUT INTO 1/2-INCH / 1CM CHUNKS 8 OUNCES / 225G DRIED SOBA NOODLES 1 LARGE RIPE MANGO  CUT INTO SMALL CHUNKS 8 OUNCES GRILLED OR PAN-FRIED TOFU  CUT INTO TINY CUBES 1/2 MEDIUM RED ONION  VERY THINLY SLICED A HANDFUL OF BASIL LEAVES  SLIVERED A HANDFUL OF FRESH CILANTRO / CORIANDER  CHOPPED,http://www.101cookbooks.com/archives/ottolenghi-soba-noodles-with-aubergine-and-mango-recipe.html,http://www.101cookbooks.com/mt-static/images/food/ottolenghi_soba_noodles.jpg,PT30M,,2010-10-26,PT15M,"Spicy brown sugar and lime-sauced soba noodles with tofu, eggplant, mango and lots of herbs. Inspired by a rare mango find, and a recipe in Yotam Ottolenghi's cookbook, Plenty.",Medium
62,Cucumber Peanut Salad,3 MEDIUM CUCUMBERS  PARTIALLY PEELED 1-2 GREEN SERRANO CHILES  STEMMED AND MINCED 1/2 CUP / 2.5 OUNCES / 70 G PEANUTS  TOASTED 1/3 CUP / 1.5 OUNCES / 45 G DRIED LARGE-FLAKE COCONUT  TOASTED 2 TABLESPOONS FRESH LEMON JUICE 1 TEASPOON NATURAL CANE SUGAR 1 TABLESPOON  GHEE  CLARIFIED BUTTER  OR SUNFLOWER OIL 1/2 TEASPOON BLACK MUSTARD SEEDS 1/4 TEASPOON CUMIN SEEDS SCANT 1/2 TEASPOON FINE GRAIN SEA SALT A HANDFUL CILANTRO  CHOPPED,http://www.101cookbooks.com/archives/cucumber-peanut-salad-recipe.html,http://www.101cookbooks.com/mt-static/images/food/cucumber_peanut_salad_recipe.jpg,PT3M,,2011-05-03,PT10M,"We picked two new cookbooks to focus on in the 101 Cookbooks Library, and this recipe is inspired by a recipe from one of them. A refreshing chopped cucumber salad loaded with peanuts, spices, coconut, and chiles.",Easy
63,Sunchoke and Cashew Stir-fry,1 TEASPOON PEANUT OR SUNFLOWER OIL 1 EGG  BEATEN 1 TABLESPOON PEANUT OR SUNFLOWER OIL  PLUS MORE IF NEEDED 1 TABLESPOON MINCED GINGER 2 CLOVES MINCED GARLIC 3 MEDIUM SHALLOTS  CHOPPED 1/2 SERRANO CHILE PEPPER  DEVEINED AND MINCED 1 CUP VERY THINLY SLICED SUNCHOKES  WELL SCRUBBED KERNELS FROM 2 EARS OF CORN 1 1/2 - 2 CUPS DAY-OLD  COOKED BROWN RICE 1 EGG  BEATEN (OPTIONAL) 1 TABLESPOON SOY SAUCE  PLUS MORE TO TASTE 1/3 CUP TOASTED ALMOND SLICES 1/2 CUP TOASTED CASHEWS FINE GRAIN SEA SALT AND PEPPER  TO TASTE PLENTY OF CHOPPED FRESH BASIL,http://www.101cookbooks.com/archives/sunchoke-and-cashew-stirfry-recipe.html,http://www.101cookbooks.com/mt-static/images/food/sunchoke_cashew_stirfry_recipe.jpg,PT3M,"Serves 2-3 as a main course, more as part of a larger multi-course meal.",2012-07-12,PT10M,"A beautiful fried rice made with brown rice, egg, sunchokes, cashews, and basil when Grace Young came over for lunch last week.",Easy
64,Baked Carrot Oven Fries,A BIG BUNCH OF FARMERS' MARKET CARROTS  WASHED  TRIMMED EXTRA VIRGIN OLIVE OIL SEA SALT 4 OUNCES ORGANIC TOFU 1/4 CUP ORANGE JUICE QUICK SQUEEZE OF LIME SCANT 1 TEASPOON ADOBO SAUCE FROM A CAN OF CHIPOTLE CHILES 1/2 TEASPOON FINE GRAIN SEA SALT,http://www.101cookbooks.com/archives/001529.html,http://www.101cookbooks.com/mt-static/images/food/bakedcarrotfries1.jpg,,,2006-11-20,,"Made from carrots, this is a healthy, simple and delicious alternative to deep-fried potatoes. These baked oven fries (made from carrots) are simply roasted with olive oil and a sprinkling of sea salt. 
",Unknown
65,Fourth of July Roasted Tomato Salsa Recipe,2 POUNDS ROMA TOMATOES  CUT IN HALF LENGTHWISE 1 MEDIUM WHITE ONION  CUT INTO SIX WEDGES 1 LARGE GARLIC CLOVE  HALVED A COUPLE PINCHES OF FINELY GROUND SEA SALT 2-3 TABLESPOONS OF EXTRA-VIRGIN OLIVE OIL 1 MEDIUM DRIED GUAJILLO CHILE PEPPER  SOAKED IN BOILING WATER UNTIL SOFTENED  AND THEN DRAINED 1 -2 CHIPOTLES IN ADOBO SAUCE (CANNED) 1/2 CUP CILANTRO  ROUGHLY CHOPPED,http://www.101cookbooks.com/archives/fourth-of-july-roasted-tomato-salsa-recipe.html,http://www.101cookbooks.com/mt-static/images/food/salsarecipe_07.jpg,,Makes about 2 1/2 cups.,2007-07-01,,"A deliciously vibrant, earthy, and slightly smoky-tasting salsa recipe. Different from salsa fresca, the deep, caramelized flavors of the roasted tomatoes and onions alongside the smokiness of the chipotles make for a richly beautiful and balanced salsa. ",Unknown
66,Sunburst Carrot Salad Recipe,2 BUNCHES CARROTS  PREFERABLY SPRING CARROTS EXTRA VIRGIN OLIVE OIL FINE GRAIN SEA SALT 1 GREEN CHILE (SERRANO)  DEVEINED AND MINCED 1 LEMON  ZEST AND JUICE 1 CUP CILANTRO  CHOPPED 1 CUP GREEN PUMPKIN SEEDS (PEPITAS)  TOASTED,http://www.101cookbooks.com/archives/sunburst-carrot-salad-recipe.html,http://www.101cookbooks.com/mt-static/images/food/carrot_salad_recipe_08.jpg,,Serves 4 to 6.,2008-04-03,,"A favorite carrot salad recipe - carrot ribbons sauteed in a bit of salt and olive oil and finished off with lemon zest, finely chopped serrano chiles, a quick squeeze of lemon juice, and lots of cilantro.  ",Unknown
67,In a Hurry Green Curry Recipe,2 TEASPOONS GREEN CURRY PASTE* SCANT 1/2  TEASPOON SALT 1 14-OUNCE CAN COCONUT MILK (LIGHT OK) 1 LARGE ONION  SLICED 14 OUNCES WATER OR LIGHT VEGETABLE BROTH 6 OUNCES OF FIRM TOFU CUT INTO 1/2 INCH CUBES 1 CUP PEAS  FRESH OR FROZEN 2 CUPS ASPARAGUS  CUT INTO 1/2-INCH SEGMENTS SQUEEZE OF FRESH LIME JUICE 1/4 CUP SMALL BASIL LEAVES 2 GREEN HOT CHILIES (THAI CHILIES) 1 TABLESPOON CHOPPED GARLIC 1 TABLESPOON CHOPPED SHALLOTS 1 TEASPOON CHOPPED GALANGAL 1/2 TEASPOON CHOPPED KAFFIR LIME RIND 1 TABLESPOON CHOPPED LEMONGRASS 1 TABLESPOON CHOPPED KRACHAI 1/4 TEASPOON ROASTED CUMIN SEEDS 1/4 TEASPOON ROASTED CORIANDER SEEDS 1/2 TEASPOON SALT,http://www.101cookbooks.com/archives/in-a-hurry-green-curry-recipe.html,http://www.101cookbooks.com/mt-static/images/food/light_greencurry_recipe.jpg,,Serves 4.,2008-05-15,,"A quick and delicious green curry recipe - peas, asparagus, and tofu swimming in a fragrant, not-overly-rich Thai green chile broth.",Unknown
68,Lime &amp; Peanut Coleslaw Recipe,1 1/2 CUPS UNSALTED RAW PEANUTS 1/2 OF A MEDIUM-LARGE CABBAGE 1 BASKET OF TINY CHERRY TOMATOES  WASHED AND QUARTERED 1 JALAPENO CHILE  SEEDED AND DICED 3/4 CUP CILANTRO  CHOPPED 1/4 CUP FRESHLY SQUEEZED LIME JUICE 2 TABLESPOONS OLIVE OIL 1/4 TEASPOON + FINE-GRAIN SEA SALT,http://www.101cookbooks.com/archives/lime-peanut-coleslaw-recipe.html,http://www.101cookbooks.com/mt-static/images/food/coleslaw_recipe.jpg,,Serves 6 as a side.,2008-07-02,,"This feather-light, mayo-free, coleslaw recipe uses toasted peanuts, cherry tomatoes, and lime vinaigrette and is perfect alongside fajitas, or whatever you have coming off the grill. Keep in mind - great coleslaw is rooted in great knife skills. ",Unknown
69,Pepita Salad Recipe,1 CUP PEPITAS  TOASTED (DIVIDED) 1 CUP CILANTRO LEAVES AND STEMS  WELL WASHED AND LIGHTLY PACKED 1/3 CUP PARMESAN CHEESE  FRESHLY GRATED 3 MEDIUM CLOVES GARLIC  PEELED JUICE OF 1 MEDIUM LEMON 1 SERRANO CHILE PEPPER  MINCED 2/3 CUP EXTRA-VIRGIN OLIVE OIL 4 CUPS COOKED YELLOW SPLIT PEAS* 2 HANDFULS LETTUCE  TORN INTO BITE-SIZED PIECES,http://www.101cookbooks.com/archives/pepita-salad-recipe.html,http://www.101cookbooks.com/mt-static/images/food/pepita_salad_recipe.jpg,,Serves 6 or so.,2008-10-20,,"A great pepita salad that can brighten up any table. Made from a simple combination of yellow split peas, toasted pepitas, and cilantro pesto.",Unknown
70,Lentil Almond Stir-Fry Recipe,MINT SAUCE (OPTIONAL) 1 CUP FRESH MINT LEAVES 1/2 SERRANO CHILE PEPPER  DE-VEINED AND SEEDED 2 TABLESPOONS OLIVE OIL PINCH OF SALT A TOUCH OF SUGAR  OR HONEY  OR AGAVE NECTAR 1 TABLESPOON LEMON JUICE EXTRA-VIRGIN OLIVE OIL 6 TO 8 VERY SMALL NEW POTATOES  CUT INTO 1/2 PIECES 2 CUPS COOKED BROWN OR BLACK LENTILS 12 BRUSSELS SPROUTS  TRIMMED AND QUARTERED 1/4 CUP SLICED ALMONDS  TOASTED 1/3 CUP PLAIN GREEK YOGURT  THINNED OUT WITH A BIT OF WATER  AND SALTED WITH A PINCH OF SALT 2 DATES  PITTED AND CHOPPED,http://www.101cookbooks.com/archives/lentil-almond-stirfry-recipe.html,http://www.101cookbooks.com/mt-static/images/food/lentil_almond_stirfry.jpg,,Serves 2-3.,2009-01-03,,"A good cold-weather stir-fry recipe. Tiny potatoes, brussels sprout wedges, toasted almonds and lentils are served with a drizzle of mint and a bit of thinned-out, salted plain yogurt, and a sprinkling of chopped dates.",Unknown
71,Adzuki Butternut Squash Soup Recipe,2 TABLESPOONS OLIVE OIL 1 TEASPOON CINNAMON 1 TEASPOON (DRIED) CORIANDER 2 TEASPOONS FINELY CHOPPED CHIPOTLE PEPPER (FROM CAN  OR REHYDRATED FROM DRIED CHILE) 2 TEASPOONS FINE GRAIN SEA SALT 2 MEDIUM-LARGE ONIONS 6 CLOVES GARLIC  MINCED 4 CUPS BUTTERNUT SQUASH  PEELED AND CUT INTO 1/4-INCH DICE 5 - 6 CUPS WATER 5 WHOLE CANNED TOMATOES  CHOPPED 4 CUPS COOKED OR CANNED ADZUKI BEANS CILANTRO DRIZZLE (OPTIONAL)*,http://www.101cookbooks.com/archives/adzuki-butternut-squash-soup-recipe.html,http://www.101cookbooks.com/mt-static/images/food/adzuki_butternut_squash_soup.jpg,,Serves about 8.,2009-02-11,,A hearty adzuki and butternut squash soup recipe adapted from Jae Steele's Get It Ripe cookbook. The soup has a bit of chipotle flavor and is made even better with a drizzle of cilantro olive oil prior to serving.,Unknown
72,Carrot Soup Recipe,1 1/4 POUNDS CARROTS 1 TABLESPOON EXTRA-VIRGIN OLIVE OIL (OR CLARIFIED BUTTER) 2 MEDIUM CLOVES GARLIC  MINCED 1 LARGE YELLOW ONION  CHOPPED 3 CUPS+ VEGETABLE STOCK OR WATER JUICE OF 1/2 A LEMON FINE GRAIN SEA SALT (AS MUCH AS YOU NEED) - OLIVE OIL  TOASTED SESAME OIL  OR RED CHILE OIL FOR A FINISHING DRIZZLE - IF YOU USE TOASTED SESAME OIL (SOMETIMES LABELED PURE SESAME OIL) IT IS VERY STRONG. I TYPICALLY DILUTE IT WITH OLIVE OIL. I USE ONE PART SESAME OIL TO FOUR PARTS OLIVE OIL.,http://www.101cookbooks.com/archives/carrot-soup-recipe.html,http://www.101cookbooks.com/mt-static/images/food/carrot_soup_recipe.jpg,,Serves about 4.,2009-04-08,,"A simple, weeknight carrot soup recipe finished with a thread of toasted sesame oil. You can leave it slightly chunky, or puree it until smooth - whatever your preference.",Unknown
73,Fresh Pea Salad Recipe,1 CUP FRESH MINT LEAVES 2 DRIED DATES  PITTED 1/2 OF A SMALL SERRANO CHILE  STEM REMOVED A SQUEEZE OF FRESH LEMON JUICE AND ZEST FROM THAT LEMON 1 1/2 CUPS FRESH PEAS 1 SMALL HEAD OF ROMAINE LETTUCE  CUT INTO SHREDS 1/2 CUP TOASTED PUMPKIN SEEDS FINE GRAIN SEA SALT,http://www.101cookbooks.com/archives/fresh-pea-salad--recipe.html,http://www.101cookbooks.com/mt-static/images/food/fresh_pea_salad_recipe.jpg,,Serves 2 - 4.,2009-04-22,,"A pea salad jazzed up with spicy mint-date dressing and tossed with shredded romaine and toasted pumpkin seeds for crunch and texture. A tasty, off-beat, almost burner-free recipe.",Unknown
74,Green Curry Broth,1 TABLESPOON CORIANDER SEEDS 1 1/2 TEASPOON WHOLE CUMIN SEEDS 2 TABLESPOONS COCONUT OIL  CLARIFIED BUTTER  OR OLIVE OIL 4 SHALLOTS  THINLY SLICED 4 MEDIUM GARLIC CLOVES  FINELY CHOPPED 4 SMALL SERRANO CHILE PEPPERS  THINLY SLICED (SEE HEAD NOTES) 3 LEMONGRASS STALKS  MINCED (SEE HEAD NOTES!) A 1 1/2-INCH PIECE OF GINGER  PEELED THEN GRATED 8 GREEN ONIONS  TRIMMED  THINLY SLICED 1/8 TEASPOON TURMERIC POWDER 1/4 CUP / 60 ML FRESHLY SQUEEZED LIME JUICE &AMP; A BIT OF ZEST 6 - 7 CUPS / 1.5 LITERS / 1.5 QUARTS GOOD-TASTING VEGETABLE BROTH 12 OUNCES / 340 G TOFU  CUT INTO TINY CUBES  OR  6 OZ TOFU CUBES + 6 OZ YUBA SKINS  CUT INTO THIN STRIPS KERNELS FROM 2 EARS OF CORN 4 HANDFULS OF TORN SPINACH  STEMS TRIMMED A SMALL HANDFUL OF EACH OF THE FOLLOWING: FRESH MINT  FRESH CILANTRO  FRESH BASIL  ALL CHOPPED JUST BEFORE SERVING AND COMBINED IN A SMALL BOWL,http://www.101cookbooks.com/archives/green-curry-broth-recipe.html,http://www.101cookbooks.com/mt-static/images/food/green_curry_broth_recipe.jpg,PT15M,Serves 4.,2010-08-24,PT20M,"A beautiful, thin green curry broth, fragrant with garlic, lemongrass, and ginger. It gets heat from serrano chiles, and zings of tanginess from fresh lime juice. Cumin and coriander seeds keep things grounded, and a flurry of freshly chopped herbs make the sky open up.",Medium
75,Zucchini Pickles,3 MEDIUM ZUCCHINI (1 POUND / 16 OZ / 450 G)  THINLY SLICED  1 MEDIUM WHITE ONION  THINLY SLICED  3 SHALLOTS  THINLY SLICED  1 1/2 TABLESPOONS FINE GRAIN SEA SALT  1/4 CUP (SMALL HANDFUL) FRESH DILL SPRIGS 1 SMALL FRESH RED CHILE PEPPER  VERY THINLY SLICED 1/2 TABLESPOON YELLOW MUSTARD SEEDS  3/4 CUP / 180 ML CIDER VINEGAR  3/4 CUP / 180 ML WHITE WINE VINEGAR  1/3 CUP / 1.75 OZ / 50G NATURAL CANE SUGAR,http://www.101cookbooks.com/archives/quick-pickled-zucchini-recipe.html,http://www.101cookbooks.com/mt-static/images/food/pickled_zucchini_recipe.jpg,PT5M,Makes one large jar.,2010-09-08,PT120M,"I've been making these coin-shaped zucchini pickles all summer. They're quick to make, great to have on hand, and I don't bother canning them. Delicious on crusty, goat-cheese slathered grilled bread (or just about anything cheesy or crunchy) and simple salads.",Hard
76,Spiced Cauliflower with Sesame Seeds,1 1/2 TABLESPOONS EXTRA-VIRGIN OLIVE OIL OR CLARIFIED BUTTER 1 TEASPOON CUMIN SEEDS 2 MEDIUM YELLOW ONIONS  FINELY SLICED A PINCH OF TURMERIC FINE GRAIN SEA SALT 1 MEDIUM / 12 OZ CAULIFLOWER  THINLY SLICED  4 DRIED RED CHILES  STEMMED AND HALVED 1-2 TEASPOON SESAME SEEDS  LIGHTLY TOASTED 1 GARLIC CLOVE  GRATED 4 CM / 1 1/2-INCH PIECE OF FRESH GINGER  PEELED AND FINELY GRATED 1-2 GREEN JALAPENO CHILES  SEEDS REMOVED  FINELY CHOPPED 2-3 TABLESPOONS CHOPPED FRESH CILANTRO / CORIANDER,http://www.101cookbooks.com/archives/spicy-cauliflower-with-sesame-recipe.html,http://www.101cookbooks.com/mt-static/images/food/spicy_cauliflower_recipe.jpg,PT15M,,2010-11-10,PT20M,"Cauliflower tastes great like this. Imagine a skillet of caramelized onions cooked down with fragrant cumin, ginger, garlic, sesame seeds and chiles. Add cauliflower and cook until tender. Vibrant, spicy, sweet earthiness, all on one plate.",Medium
77,Green Pea Soup Recipe,3 TABLESPOONS FRESH GINGER  WELL CHOPPED 10 SM-MED CLOVES GARLIC  SMASHED AND PEELED 2 SERRANO CHILES  STEMMED AND CHOPPED 1/4 TEASPOON GROUND CUMIN  PLUS MORE TO SERVE 3 TABLESPOONS GHEE OR SUNFLOWER OIL 2 BAY LEAVES 1 MEDIUM ONION  CHOPPED 4 1/2 CUPS GOOD-TASTING VEGETABLE STOCK OR WATER 3 1/2 CUPS / 500 G / 18 OZ SHELLED FRESH OR FROZEN PEAS 1 TEASPOON SEA SALT  OR TO TASTE A SQUEEZE OF FRESH LEMON JUICE 8 FRESH MINT LEAVES  SLIVERED PAN-FRIED PANEED  QUESO FRESCO  OR HALOUMI  CUT INTO TINY CUBES - OPTIONAL,http://www.101cookbooks.com/archives/green-pea-soup-recipe.html,http://www.101cookbooks.com/mt-static/images/food/pea_soup_recipe.jpg,PT10M,Serves 4 - 6.,2011-05-31,PT7M,"A simple Indian-spiced green pea soup, and a few snapshots of things I'm bringing with me in a move up the street.",Easy
78,Spicy Lemon Coconut Sauce,1 CLOVE GARLIC  PEELED 1 MEDIUM JALAPENO (OR SERRANO) CHILE  DESEEDED AND CHOPPED 1/2 TEASPOON FINE GRAIN SEA SALT  PLUS MORE TO TASTE 1 TABLESPOONS SUNFLOWER OIL 1 SMALL BUNCH OF SCALLIONS  THINLY SLICED (~8 SCALLIONS) 1/2 CUP FINELY CHOPPED CILANTRO 1 14-OUNCE CAN OF COCONUT MILK (FULL FAT) 3 TABLESPOONS FRESHLY SQUEEZED LEMON JUICE  PLUS MORE TO TASTE,http://www.101cookbooks.com/archives/spicy-lemon-coconut-sauce-recipe.html,http://www.101cookbooks.com/mt-static/images/food/spicy_lemon_coconut_sauce.jpg,,Makes about 2 1/2 cups.,2012-04-27,PT5M,"A spicy lemon coconut sauce that is good on just about everything - noodles, frittatas, soups. Keep a jar in the refrigerator, and you can use it to make things a little special throughout the week.",Easy
79,Yellow Bean Salad,1 POUND / 16 OZ YELLOW RUNNER BEANS 1 SERRANO CHILE  STEMMED AND SEEDED 5 GREEN ONIONS  GREEN PARTS TRIMMED &AMP; RESERVED A BIG HANDFUL OF CILANTRO 1 CLOVE GARLIC  PEELED AND SMASHED 3/4 TEASPOON FINE GRAIN SEA SALT 1 TABLESPOON SUNFLOWER OIL 1 CUP COCONUT MILK  WELL MIXED 1- 2 TABLESPOONS FRESHLY SQUEEZED LEMON JUICE  OR TO TASTE 2 BIG HANDFULS / 1/2 CUP TOASTED PEPITAS 1 1/2 CUPS TINY PAN-FRIED TOFU CUBES  OPTIONAL BASIL FLOWER GARNISH  OPTIONAL,http://www.101cookbooks.com/archives/yellow-bean-salad-recipe.html,http://www.101cookbooks.com/mt-static/images/food/yellow_bean_salad_recipe.jpg,PT10M,,2012-08-19,PT10M,"A summer yellow bean salad with a green chile-spiked, cilantro-flecked, and coconut milk dressing, toasted pepitas, and (if you want to make a meal of it) pan-fried tofu.",Easy
80,New Year Noodle Soup,2 TABLESPOONS OLIVE OIL 1 ONION  THINLY SLICED 1 LONG RED CHILI OR GREEN SERRANO  FINELY CHOPPED 1/2 TEASPOON GROUND TURMERIC 1 TEASPOON GROUND CUMIN 1/4 TEASPOON FRESHLY GROUND BLACK PEPPER 8 1/2 CUPS / 2 LITERS GOOD-TASTING VEGETABLE STOCK/BROTH 100G / 3.5 OZ YELLOW SPLIT PEAS OR BROWN LENTILS 1 1/2 CUPS COOKED CHICKPEAS  RINSED IF USING CANNED 2 CUPS / 350G COOKED BORLOTTI BEANS FINE GRAIN SEA SALT 120 G THIN EGG NOODLES  FRESH OR DRIED 3 1/2 OZ / 100G FRESH SPINACH LEAVES  FINELY SHREDDED 1/2 CUP FINELY SHREDDED CILANTRO LEAVES 2 TABLESPOONS CHOPPED FRESH DILL JUICE OF ONE LIME TOPPINGS: 1 TABLESPOON OLIVE OIL 1 TABLESPOON UNSALTED BUTTER 1 LARGE ONION  THINLY SLICED 100 ML SOUR CREAM OR CREME FRAICHE 50G / SCANT 2 OUNCES OF TOASTED  CHOPPED WALNUTS,http://www.101cookbooks.com/archives/new-year-noodle-soup-recipe.html,http://www.101cookbooks.com/mt-static/images/food/newyear_noodle_soup_recipe_xl.jpg,PT40M,,2011-01-01,PT20M,"An amazing New Year Noodle Soup from Greg &amp; Lucy Malouf's beautiful book, Saraban. It's a bean and noodle soup at its core featuring thin egg noodles swimming in a fragrant broth spiced with turmeric, cumin, chiles, and black pepper. You use a medley of lentils, chickpeas, and borlotti beans which makes the soup heart and filling without being heavy. You add spinach, dill, and cilantro. You add lime juice for a bit of sour at the end. And then you've got a number of toppings to add when you serve the soup - chopped walnuts, caramelized onions, and sour cream. Amazing.",Medium
81,Moroccan Mint Roasted Vegetables,1 LB / 16 OZ / 450 G MIX OF POTATOES  CAULIFLOWER  AND A FEW RADISHES (SAVE THE TOPS) 1 1/2 TEASPOONS DRIED MINT 1/2 TEASPOON RED CHILE PEPPER FLAKES 1/2 TEASPOON CUMIN SEEDS 1/2 TEASPOON FINE GRAIN SEA SALT 1 TEASPOON GROUND CUMIN 1/2 TEASPOON CINNAMON 1 TEASPOON GROUND GINGER 4 TABLESPOONS EXTRA VIRGIN OLIVE OIL A SQUEEZE OF FRESH LEMON JUICE TOPPINGS: FRESH MINT  TOASTED SESAME AND/OR PUMPKIN SEEDS  PLAIN YOGURT (SEASONED WITH A BIT OF SALT),http://www.101cookbooks.com/archives/moroccan-mint-roasted-vegetables-recipe.html,http://www.101cookbooks.com/mt-static/images/food/moroccan_vegetables.jpg,PT15M,Serves 4.,2012-02-22,PT5M,"A few snapshots from my week in Marrakesh, Morocco + the recipe for a platter of roasted vegetables spiced with dried mint, cumin, ginger, cinnamon, and a kiss of chile. So good with a dollop of salted yogurt and a sprinkle of toasted sesame seeds.",Easy
82,A Simple Tomato Soup,4 TABLESPOONS UNSALTED BUTTER  OLIVE OIL  OR COCONUT OIL 2 MEDIUM YELLOW ONIONS  THINLY SLICED 1 TEASPOON FINE GRAIN SEA SALT  PLUS MORE TO TASTE 3 TEASPOONS CURRY POWDER 1 TEASPOON GROUND CORIANDER 1 TEASPOON GROUND CUMIN 1/2 TEASPOON CHILE FLAKES 2 (28-OUNCE) CANS WHOLE TOMATOES (PREF. FIRE-ROASTED) 1 14-OUNCE CAN COCONUT MILK TO SERVE: ANY OF THE FOLLOWING THAT SOUND GOOD TO YOU - COOKED BROWN RICE  LEMON WEDGES  TOASTED ALMOND SLICES  PAN-FRIED PANEER  FRESH THYME OR OREGANO  OREGANO DRIZZLE  A POACHED EGG,http://www.101cookbooks.com/archives/a-simple-tomato-soup-recipe.html,http://www.101cookbooks.com/mt-static/images/food/brothy_tomato_soup_recipe.jpg,PT25M,,2012-03-06,PT5M,"A simple tomato soup recipe inspired by a Melissa Clark recipe - pureed, warmly spiced, and perfect topped with everything from toasted almonds and herbs, to coconut cream or a poached egg.",Medium
83,Broccolini Salad,1 LB / 16 OZ / 450 G  BABY BROCCOLI / BROCCOLINI  TRIMMED  AND EACH STALK HALVED IF YOU LIKE 3 BUNCHES SCALLIONS  TRIMMED AND THINLY SLICED 1 SMALL SERRANO CHILE PEPPER  DEVEINED  SEEDED AND MINCED (OPT) 1/2 CUP / 120 ML EXTRA VIRGIN OLIVE OIL FINE GRAIN SEA SALT 3 BIG HANDFULS OF BIG  RUSTIC CROUTONS A SQUEEZE OF FRESH LEMON JUICE. 1 CUP / 4 OZ / 115 G SLICED ALMONDS  TOASTED 4 - 6 OZ FRESH MOZZARELLA CHEESE  TORN INTO BIG CHUNKS,http://www.101cookbooks.com/archives/broccolini-salad-recipe.html,http://www.101cookbooks.com/mt-static/images/food/broccolini_salad_recipe.jpg,PT10M,Serves 4 - 6.,2012-04-05,PT10M,"Big bowl of green - broccolini tossed with big croutons, tons of scallion slices, mozzarella, toasted almonds, and a hit of serrano pepper.",Easy
84,Pumpkin and Rice Soup,2 TABLESPOONS UNSALTED BUTTER 1 MEDIUM ONION  CHOPPED 1 LARGE SHALLOT  CHOPPED 1/2 SERRANO CHILE  SEEDS AND ALL  CHOPPED FINE GRAIN SEA SALT 1 1/2 POUNDS PUMPKIN/SQUASH FLESH  SEEDED  PEELED  AND CUT INTO 3/4-INCH CHUNKS 1 TEASPOON FRESH GINGER JUICE  PRESSED FROM GRATED GINGER COOKED BROWN RICE  WARM OTHER TOPPINGS: PLAIN YOGURT  TOASTED PEPITAS  LEMON GINGER ROSEMARY BUTTER* (AND PULP),http://www.101cookbooks.com/archives/pumpkin-and-rice-soup-recipe.html,http://www.101cookbooks.com/mt-static/images/food/pumpkin_rice_soup.jpg,PT25M,Serves 4-6.,2012-10-27,PT10M,The pumpkin soup I made as soon as I got home from India - with an herby butter drizzle and lemon ginger pulp. And some pictures of a photo session on the street in Jaipur.,Medium
85,Posole in Broth,1 LB / 2 1/2 CUPS DRIED POSOLE / HOMINY 1 MEDIUM WHITE OR YELLOW ONION 5 CUPS GREAT-TASTING BROTH (SEE HEAD NOTE) 1 SERRANO CHILE  SEEDED AND MINCED 2 CUPS / 12 OUNCES COOKED MUNG BEANS  OPTIONAL** 1 BUNCH OF SCALLIONS  TRIMMED AND SHREDDED TO SERVE: CHOPPED OLIVES  SLICED AVOCADO  SPROUTS OR MICRO GREENS  TOASTED SLICED ALMONDS  AND/OR A DRIZZLE OF OLIVE OR LEMON OIL.,http://www.101cookbooks.com/archives/posole-in-broth-recipe.html,http://www.101cookbooks.com/mt-static/images/food/posole_in_broth_recipe.jpg,PT70M,Serves 6-8.,2013-01-01,PT10M,"Posole for the new year - it has a vegetable broth base, lots of blossoming corn kernels, avocado and mung beans. Topped with chopped olives and toasted almonds it's A+...",Hard
86,Brazil Nut Butter Cups Recipe,1 1/2 CUPS BRAZIL NUTS  LOOSELY CHOPPED 1 TEASPOON MACADAMIA NUT OIL (OPTIONAL) 2/3 CUP ORGANIC POWDERED SUGAR (I USE WHOLESOME SWEETENERS BRAND) ~1/2 TEASPOON FINELY GROUND SEA SALT A COUPLE PINCHES OF CHILE POWDER (OPT) 1 9.7-OUNCE BAR OF SCHARFFEN BERGER BITTERSWEET CHOCOLATE  FINELY CHOPPED SPECIAL EQUIPMENT: CHOCOLATE MOLDS  PIPING BAG.,http://www.101cookbooks.com/archives/001371.html,http://www.101cookbooks.com/mt-static/images/food/brazilnutbuttercups1.jpg,,,2006-03-18,,A twist on the traditional peanut butter cup. It uses all-natural ingredients and instead of peanut butterthe chocolate shell envelopes Brazil nut butter.,Unknown
87,Baked Egg Recipe,2-3 TABLESPOONS EXTRA VIRGIN OLIVE OIL 3 BIG PINCHES GROUND CUMIN 2 BIG PINCHES CHILI FLAKES 2 BIG PINCHES SMOKED PAPRIKA 2 BIG PINCHES FINE SEA SALT 1 CUP SPRING (OR REGULAR) ONION  CHOPPED 1 CLOVE GARLIC  CHOPPED 1 CUP CHERRY TOMATOES  HALVED OR QUARTERED 2 PIECES OF PITA BREAD  CUT INTO QUARTERS 6 LARGE ORGANIC EGGS GARNISH: FINELY CHOPPED TOMATOES  CHILE FLAKES  CILANTRO (OPTIONAL) SPECIAL EQUIPMENT: STANDARD 12 MUFFIN TIN,http://www.101cookbooks.com/archives/baked-eggs-recipe.html,http://www.101cookbooks.com/mt-static/images/food/bakedeggrecipe_07.jpg,,Makes six egg cups.,2007-05-18,,"Baked eggs in edible cups with cherry tomatoes, garlic, olive oil and  lots of vibrant spices.",Unknown
88,A Tasty Frittata Recipe,CILANTRO CHILE SAUCE 2 LARGE CLOVES GARLIC 1/2 CUP EXTRA VIRGIN OLIVE OIL 2 TABLESPOONS LEMON JUICE  FRESHLY SQUEEZED 1 SMALL BUNCH CILANTRO 1 GREEN (SERRANO) CHILE  SEEDS REMOVED 2 PINCHES GROUND CUMIN  A COUPLE BIG PINCHES OF SALT  FRITTATA 6 LARGE ORGANIC EGGS 1 TABLESPOON OLIVE OIL 1 SMALL YELLOW ONION  CHOPPED 3 SMALL POTATOES  VERY VERY THINLY SLICED 1/2 CUP YELLOW ZUCCHINI OR CAULIFLOWER 1/2-INCH PIECES 1/4 CUP GOAT CHEESE  CRUMBLED 1/4 CUP PUMPKIN SEEDS  TOASTED  COUPLE PINCHES OF SALT,http://www.101cookbooks.com/archives/a-tasty-frittata-recipe.html,http://www.101cookbooks.com/mt-static/images/food/frittatarecipe_07.jpg,,Serves 2 to 4.,2007-12-20,,"The prettiest, tastiest, frittata recipe. Made with potatoes, onions, and eggs drizzled with a cilantro chile sauce. ",Unknown
89,Spiced Candied Walnuts Recipe,PEANUT OR CANOLA OIL FOR DEEP-FRYING (HS NOTE: HAS ANYONE SEEN AN ORGANIC PEANUT OIL OUT THERE?) FINELY GROUND SEA SALT  PREFERABLY GRAY SALT  FRESHLY GROUND BLACK PEPPER  1/2 TEASPOON GROUND CINNAMON  1/2 TEASPOON CAYENNE PEPPER  4 CUPS WALNUT HALVES  1 CUP CONFECTIONERS' SUGAR  SIFTED 2 CANS (15 1/2 OUNCES EACH) CHICKPEAS (GARBANZO BEANS)  3/4 CUP BUTTERMILK 3/4 CUP OLIVE OIL 1 1/2 CUPS 1ARBORIO RICE COATING (BELOW) 1/4 CUP THINLY SLICED GARLIC  15 FRESH SAGE LEAVES 2 TEASPOONS THIN SERRANO CHILI SLICES (OPTIONAL)  FINELY GROUND SEA SALT  PREFERABLY GRAY SALT  ZEST OF 1 LEMON  CUT INTO JULIENNE  FRESHLY GROUND BLACK PEPPER 1 CUP ARBORIO RICE  3 CUPS UNBLEACHED ALL-PURPOSE FLOUR  1 CUP SEMOLINA FLOUR  2 TABLESPOONS FINELY GROUND SEA SALT  PREFERABLY GRAY SALT  1 TEASPOON FRESHLY GROUND BLACK PEPPER ,http://www.101cookbooks.com/archives/001033.html,http://www.101cookbooks.com/mt-static/images/food/candiedwalnutrecipe.jpg,,Makes 4 cups.Makes about 5 cups.,2005-12-30,,"This candied walnut recipe was is the perfect solution to a New Years Eve hors d'oeuvres dilemma. Made with walnuts, sea salt, black pepper, cinnamon, cayenne pepper, and powdered sugar.",Unknown
90,Monica Bhide's Chile Pea Puffs,NONSTICK COOKING SPRAY (HS NOTE: OR A BIT OF OLIVE OIL) 1 CUP COOKED GREEN PEAS  LIGHTLY MASHED 1/4 CUP CRUMBLED PANEER 2 SMALL GREEN SERRANO CHILES  MINCED (REMOVE SEEDS TO REDUCE HEAT) 1/4 TEASPOON SALT TO START 1/4 TEASPOON RED CHILE POWDER OR RED CHILE FLAKES (LESS TO REDUCE HEAT) 1/2 TEASPOON MINCED GARLIC 32 WONTON WRAPPERS 1 EGG WHITE  LIGHTLY BEATEN,http://www.101cookbooks.com/archives/monica-bhides-chile-pea-puffs-recipe.html,http://www.101cookbooks.com/mt-static/images/food/pea_puff_recipe.jpg,,Makes 32 puffs.,2009-04-29,,"Monica Bhide's Chile Pea Puff recipe - crispy-skinned baked snacks stuffed with peas, paneer cheese, chiles, and garlic. From her new cookbook - Modern Spice: Inspired Indian Flavors for the Contemporary Kitchen.",Unknown
91,Golden Potstickers,1/2 CUP SUNFLOWER OIL 8 GREEN ONIONS / SCALLIONS  WHITE AND GREEN PARTS  THINLY SLICED 1 SMALL SERRANO CHILES  THINLY SLICED  OR TO TASTE 1 1/2 TABLESPOONS SUGAR 1/4 CUP / 60 ML SOY SAUCE  1/4 CUP / 60 ML WATER 4 TABLESPOONS SUNFLOWER OIL  PLUS MORE FOR PAN-FRYING 1/2 CUP CHOPPED SHALLOTS (4 MEDIUM) 1/2 TEASPOON FINE GRAIN SEA SALT  OR TO TASTE 2 CUPS / 11 OZ / 310 G COOKED YELLOW SPLIT PEAS  IDEALLY AT ROOM TEMPERATURE  THEN PROCESS IN A FOOD PROCESSOR UNTIL UNIFORM AND FLUFFY 1 PACKAGE ROUND POTSTICKER WRAPPERS,http://www.101cookbooks.com/archives/golden-potstickers-recipe.html,http://www.101cookbooks.com/mt-static/images/food/potsticker_recipe.jpg,PT10M,Makes a big platter of dumplings.,2011-10-05,PT60M,"Potstickers - For my flight to London,  I made the filling with lots of caramelized shallots &amp; pureed yellow split peas then pan-fried them until the bottoms were crisp and golden. They freeze like beautifully, perfect for quick dumpling-centric meals later on.",Hard
